variant,role,module,total,trainable,frozen,parameter_bytes
ppo,actor,action_dist,6984,6984,0,27936
ppo,actor,actor.mlp,37088,37088,0,148352
ppo,critic,critic.value_features,317184,317184,0,1268736
ppo,critic,critic.value_head,257,257,0,1028
ppo,next_obs_prediction,local_angles_predictor,1548,1548,0,6192
ppo,next_obs_prediction,local_binaries_predictor,516,516,0,2064
ppo,next_obs_prediction,local_rot6ds_predictor,387,387,0,1548
ppo,next_obs_prediction,local_scalars_predictor,4257,4257,0,17028
ppo,next_obs_prediction,pre_predictors_transform,41216,41216,0,164864
ppo,next_obs_prediction,pre_transition_transform,37056,37056,0,148224
ppo,next_obs_prediction,transition_model,332736,332736,0,1330944
ppo,shared_encoder,shared_encoder,790336,790336,0,3161344
ppo_small,actor,action_dist,4680,4680,0,18720
ppo_small,actor,actor.mlp,39200,39200,0,156800
ppo_small,critic,critic.value_features,157280,157280,0,629120
ppo_small,critic,critic.value_head,161,161,0,644
ppo_small,next_obs_prediction,local_angles_predictor,1548,1548,0,6192
ppo_small,next_obs_prediction,local_binaries_predictor,516,516,0,2064
ppo_small,next_obs_prediction,local_rot6ds_predictor,387,387,0,1548
ppo_small,next_obs_prediction,local_scalars_predictor,4257,4257,0,17028
ppo_small,next_obs_prediction,pre_predictors_transform,37120,37120,0,148480
ppo_small,next_obs_prediction,pre_transition_transform,25760,25760,0,103040
ppo_small,next_obs_prediction,transition_model,324512,324512,0,1298048
ppo_small,shared_encoder,shared_encoder,545824,545824,0,2183296
mappo,actor,action_dist,9288,9288,0,37152
mappo,actor,actor.mlp,49408,49408,0,197632
mappo,critic,critic.deepset,166144,166144,0,664576
mappo,critic,critic.popart_head,129,129,0,516
mappo,next_obs_prediction,local_angles_predictor,1548,1548,0,6192
mappo,next_obs_prediction,local_binaries_predictor,516,516,0,2064
mappo,next_obs_prediction,local_rot6ds_predictor,387,387,0,1548
mappo,next_obs_prediction,local_scalars_predictor,4257,4257,0,17028
mappo,next_obs_prediction,pre_predictors_transform,49408,49408,0,197632
mappo,next_obs_prediction,pre_transition_transform,65792,65792,0,263168
mappo,next_obs_prediction,transition_model,349184,349184,0,1396736
mappo,shared_encoder,shared_encoder,1007232,1007232,0,4028928
mappo_small,actor,action_dist,8136,8136,0,32544
mappo_small,actor,actor.mlp,47344,47344,0,189376
mappo_small,critic,critic.deepset,130480,130480,0,521920
mappo_small,critic,critic.popart_head,129,129,0,516
mappo_small,next_obs_prediction,local_angles_predictor,1548,1548,0,6192
mappo_small,next_obs_prediction,local_binaries_predictor,516,516,0,2064
mappo_small,next_obs_prediction,local_rot6ds_predictor,387,387,0,1548
mappo_small,next_obs_prediction,local_scalars_predictor,4257,4257,0,17028
mappo_small,next_obs_prediction,pre_predictors_transform,49408,49408,0,197632
mappo_small,next_obs_prediction,pre_transition_transform,65792,65792,0,263168
mappo_small,next_obs_prediction,transition_model,349184,349184,0,1396736
mappo_small,shared_encoder,shared_encoder,660864,660864,0,2643456
mappo_mlp,actor,action_dist,9288,9288,0,37152
mappo_mlp,actor,actor.mlp,49408,49408,0,197632
mappo_mlp,critic,critic.value_features,366208,366208,0,1464832
mappo_mlp,critic,critic.value_head,129,129,0,516
mappo_mlp,next_obs_prediction,local_angles_predictor,1548,1548,0,6192
mappo_mlp,next_obs_prediction,local_binaries_predictor,516,516,0,2064
mappo_mlp,next_obs_prediction,local_rot6ds_predictor,387,387,0,1548
mappo_mlp,next_obs_prediction,local_scalars_predictor,4257,4257,0,17028
mappo_mlp,next_obs_prediction,pre_predictors_transform,49408,49408,0,197632
mappo_mlp,next_obs_prediction,pre_transition_transform,65792,65792,0,263168
mappo_mlp,next_obs_prediction,transition_model,349184,349184,0,1396736
mappo_mlp,shared_encoder,shared_encoder,1007232,1007232,0,4028928
mappo_mlp_small,actor,action_dist,8136,8136,0,32544
mappo_mlp_small,actor,actor.mlp,47344,47344,0,189376
mappo_mlp_small,critic,critic.value_features,274688,274688,0,1098752
mappo_mlp_small,critic,critic.value_head,129,129,0,516
mappo_mlp_small,next_obs_prediction,local_angles_predictor,1548,1548,0,6192
mappo_mlp_small,next_obs_prediction,local_binaries_predictor,516,516,0,2064
mappo_mlp_small,next_obs_prediction,local_rot6ds_predictor,387,387,0,1548
mappo_mlp_small,next_obs_prediction,local_scalars_predictor,4257,4257,0,17028
mappo_mlp_small,next_obs_prediction,pre_predictors_transform,49408,49408,0,197632
mappo_mlp_small,next_obs_prediction,pre_transition_transform,65792,65792,0,263168
mappo_mlp_small,next_obs_prediction,transition_model,349184,349184,0,1396736
mappo_mlp_small,shared_encoder,shared_encoder,660864,660864,0,2643456
mat_orig,actor,action_dist,9288,9288,0,37152
mat_orig,actor,decoder,366976,366976,0,1467904
mat_orig,actor,encoder_decoder_projection,32896,32896,0,131584
mat_orig,critic,critic.popart_head,2,2,0,8
mat_orig,critic,critic.value_head,199425,199425,0,797700
mat_orig,next_obs_prediction,local_angles_predictor,1548,1548,0,6192
mat_orig,next_obs_prediction,local_binaries_predictor,516,516,0,2064
mat_orig,next_obs_prediction,local_rot6ds_predictor,387,387,0,1548
mat_orig,next_obs_prediction,local_scalars_predictor,4257,4257,0,17028
mat_orig,next_obs_prediction,pre_predictors_transform,49408,49408,0,197632
mat_orig,next_obs_prediction,pre_transition_transform,65792,65792,0,263168
mat_orig,next_obs_prediction,transition_model,349184,349184,0,1396736
mat_orig,shared_encoder,encoder.backbone,1204736,1204736,0,4818944
mat_ind,actor,action_dist,9288,9288,0,37152
mat_ind,actor,actor_head,32896,32896,0,131584
mat_ind,critic,critic.deepset,198656,198656,0,794624
mat_ind,critic,critic.popart_head,257,257,0,1028
mat_ind,next_obs_prediction,local_angles_predictor,1548,1548,0,6192
mat_ind,next_obs_prediction,local_binaries_predictor,516,516,0,2064
mat_ind,next_obs_prediction,local_rot6ds_predictor,387,387,0,1548
mat_ind,next_obs_prediction,local_scalars_predictor,4257,4257,0,17028
mat_ind,next_obs_prediction,pre_predictors_transform,49408,49408,0,197632
mat_ind,next_obs_prediction,pre_transition_transform,65792,65792,0,263168
mat_ind,next_obs_prediction,transition_model,349184,349184,0,1396736
mat_ind,shared_encoder,encoder.backbone,1204736,1204736,0,4818944
mat_dec,actor,action_dist,9288,9288,0,37152
mat_dec,actor,actor_encoder.backbone,678400,678400,0,2713600
mat_dec,actor,actor_head,49408,49408,0,197632
mat_dec,critic,critic.deepset,198656,198656,0,794624
mat_dec,critic,critic.popart_head,257,257,0,1028
mat_dec,critic,encoder.backbone,1204736,1204736,0,4818944
mat_dec,next_obs_prediction,local_angles_predictor,1548,1548,0,6192
mat_dec,next_obs_prediction,local_binaries_predictor,516,516,0,2064
mat_dec,next_obs_prediction,local_rot6ds_predictor,387,387,0,1548
mat_dec,next_obs_prediction,local_scalars_predictor,4257,4257,0,17028
mat_dec,next_obs_prediction,pre_predictors_transform,49408,49408,0,197632
mat_dec,next_obs_prediction,pre_transition_transform,65792,65792,0,263168
mat_dec,next_obs_prediction,transition_model,349184,349184,0,1396736
mat_qcx,actor,action_dist,9288,9288,0,37152
mat_qcx,actor,action_encoder,18176,18176,0,72704
mat_qcx,actor,decoder,595584,595584,0,2382336
mat_qcx,critic,critic.deepset,198656,198656,0,794624
mat_qcx,critic,critic.popart_head,257,257,0,1028
mat_qcx,next_obs_prediction,local_angles_predictor,1548,1548,0,6192
mat_qcx,next_obs_prediction,local_binaries_predictor,516,516,0,2064
mat_qcx,next_obs_prediction,local_rot6ds_predictor,387,387,0,1548
mat_qcx,next_obs_prediction,local_scalars_predictor,4257,4257,0,17028
mat_qcx,next_obs_prediction,pre_predictors_transform,49408,49408,0,197632
mat_qcx,next_obs_prediction,pre_transition_transform,65792,65792,0,263168
mat_qcx,next_obs_prediction,transition_model,349184,349184,0,1396736
mat_qcx,shared_encoder,encoder.backbone,1204736,1204736,0,4818944
mat_ind_lstm,actor,action_dist,9288,9288,0,37152
mat_ind_lstm,actor,actor_head,32896,32896,0,131584
mat_ind_lstm,critic,critic.deepset,198656,198656,0,794624
mat_ind_lstm,critic,critic.popart_head,257,257,0,1028
mat_ind_lstm,next_obs_prediction,local_angles_predictor,1548,1548,0,6192
mat_ind_lstm,next_obs_prediction,local_binaries_predictor,516,516,0,2064
mat_ind_lstm,next_obs_prediction,local_rot6ds_predictor,387,387,0,1548
mat_ind_lstm,next_obs_prediction,local_scalars_predictor,4257,4257,0,17028
mat_ind_lstm,next_obs_prediction,pre_predictors_transform,49408,49408,0,197632
mat_ind_lstm,next_obs_prediction,pre_transition_transform,65792,65792,0,263168
mat_ind_lstm,next_obs_prediction,transition_model,349184,349184,0,1396736
mat_ind_lstm,shared_encoder,encoder.backbone,1862656,1862656,0,7450624
mat_ind_lstm,shared_encoder,encoder.temporal_model,1048576,1048576,0,4194304
mat_qcx_lstm,actor,action_dist,9288,9288,0,37152
mat_qcx_lstm,actor,action_encoder,18176,18176,0,72704
mat_qcx_lstm,actor,decoder,595584,595584,0,2382336
mat_qcx_lstm,critic,critic.deepset,198656,198656,0,794624
mat_qcx_lstm,critic,critic.popart_head,257,257,0,1028
mat_qcx_lstm,next_obs_prediction,local_angles_predictor,1548,1548,0,6192
mat_qcx_lstm,next_obs_prediction,local_binaries_predictor,516,516,0,2064
mat_qcx_lstm,next_obs_prediction,local_rot6ds_predictor,387,387,0,1548
mat_qcx_lstm,next_obs_prediction,local_scalars_predictor,4257,4257,0,17028
mat_qcx_lstm,next_obs_prediction,pre_predictors_transform,49408,49408,0,197632
mat_qcx_lstm,next_obs_prediction,pre_transition_transform,65792,65792,0,263168
mat_qcx_lstm,next_obs_prediction,transition_model,349184,349184,0,1396736
mat_qcx_lstm,shared_encoder,encoder.backbone,1862656,1862656,0,7450624
mat_qcx_lstm,shared_encoder,encoder.temporal_model,1048576,1048576,0,4194304
maddpg_mlp,actor,actor.action_net,1548,1548,0,6192
maddpg_mlp,actor,actor.encoder,1203712,1203712,0,4814848
maddpg_mlp,actor,actor.head,32896,32896,0,131584
maddpg_mlp,critic,critic.0,752129,752129,0,3008516
maddpg_mlp,targets,actor_target.action_net,1548,0,1548,6192
maddpg_mlp,targets,actor_target.encoder,1203712,0,1203712,4814848
maddpg_mlp,targets,actor_target.head,32896,0,32896,131584
maddpg_mlp,targets,critic_target.0,752129,0,752129,3008516
maddpg_deepset,actor,actor.action_net,1548,1548,0,6192
maddpg_deepset,actor,actor.encoder,1203712,1203712,0,4814848
maddpg_deepset,actor,actor.head,32896,32896,0,131584
maddpg_deepset,critic,critic.0,1360897,1360897,0,5443588
maddpg_deepset,next_obs_prediction,critic_nop.local_angles_predictor,1548,1548,0,6192
maddpg_deepset,next_obs_prediction,critic_nop.local_binaries_predictor,516,516,0,2064
maddpg_deepset,next_obs_prediction,critic_nop.local_rot6ds_predictor,387,387,0,1548
maddpg_deepset,next_obs_prediction,critic_nop.local_scalars_predictor,4257,4257,0,17028
maddpg_deepset,next_obs_prediction,critic_nop.pre_predictors_transform,82176,82176,0,328704
maddpg_deepset,next_obs_prediction,critic_nop.pre_transition_transform,328704,328704,0,1314816
maddpg_deepset,next_obs_prediction,critic_nop.transition_model,414976,414976,0,1659904
maddpg_deepset,targets,actor_target.action_net,1548,0,1548,6192
maddpg_deepset,targets,actor_target.encoder,1203712,0,1203712,4814848
maddpg_deepset,targets,actor_target.head,32896,0,32896,131584
maddpg_deepset,targets,critic_target.0,1360897,0,1360897,5443588
matd3_mlp,actor,actor.action_net,1548,1548,0,6192
matd3_mlp,actor,actor.encoder,1203712,1203712,0,4814848
matd3_mlp,actor,actor.head,32896,32896,0,131584
matd3_mlp,critic,critic.0,752129,752129,0,3008516
matd3_mlp,critic,critic.1,752129,752129,0,3008516
matd3_mlp,targets,actor_target.action_net,1548,0,1548,6192
matd3_mlp,targets,actor_target.encoder,1203712,0,1203712,4814848
matd3_mlp,targets,actor_target.head,32896,0,32896,131584
matd3_mlp,targets,critic_target.0,752129,0,752129,3008516
matd3_mlp,targets,critic_target.1,752129,0,752129,3008516
matd3_deepset,actor,actor.action_net,1548,1548,0,6192
matd3_deepset,actor,actor.encoder,1203712,1203712,0,4814848
matd3_deepset,actor,actor.head,32896,32896,0,131584
matd3_deepset,critic,critic.0,1360897,1360897,0,5443588
matd3_deepset,critic,critic.1,1360897,1360897,0,5443588
matd3_deepset,next_obs_prediction,critic_nop.local_angles_predictor,1548,1548,0,6192
matd3_deepset,next_obs_prediction,critic_nop.local_binaries_predictor,516,516,0,2064
matd3_deepset,next_obs_prediction,critic_nop.local_rot6ds_predictor,387,387,0,1548
matd3_deepset,next_obs_prediction,critic_nop.local_scalars_predictor,4257,4257,0,17028
matd3_deepset,next_obs_prediction,critic_nop.pre_predictors_transform,147712,147712,0,590848
matd3_deepset,next_obs_prediction,critic_nop.pre_transition_transform,591360,591360,0,2365440
matd3_deepset,next_obs_prediction,critic_nop.transition_model,546560,546560,0,2186240
matd3_deepset,targets,actor_target.action_net,1548,0,1548,6192
matd3_deepset,targets,actor_target.encoder,1203712,0,1203712,4814848
matd3_deepset,targets,actor_target.head,32896,0,32896,131584
matd3_deepset,targets,critic_target.0,1360897,0,1360897,5443588
matd3_deepset,targets,critic_target.1,1360897,0,1360897,5443588
masac_mlp,actor,_actor_encoder.backbone,1203712,1203712,0,4814848
masac_mlp,actor,action_dist,3096,3096,0,12384
masac_mlp,actor,actor_head,32896,32896,0,131584
masac_mlp,critic,critic.q1,752129,752129,0,3008516
masac_mlp,critic,critic.q2,752129,752129,0,3008516
masac_mlp,targets,critic_target.q1,752129,0,752129,3008516
masac_mlp,targets,critic_target.q2,752129,0,752129,3008516
masac_deepset,actor,_actor_encoder.backbone,1203712,1203712,0,4814848
masac_deepset,actor,action_dist,3096,3096,0,12384
masac_deepset,actor,actor_head,32896,32896,0,131584
masac_deepset,critic,critic.q1,1360897,1360897,0,5443588
masac_deepset,critic,critic.q2,1360897,1360897,0,5443588
masac_deepset,next_obs_prediction,critic_nop.local_angles_predictor,1548,1548,0,6192
masac_deepset,next_obs_prediction,critic_nop.local_binaries_predictor,516,516,0,2064
masac_deepset,next_obs_prediction,critic_nop.local_rot6ds_predictor,387,387,0,1548
masac_deepset,next_obs_prediction,critic_nop.local_scalars_predictor,4257,4257,0,17028
masac_deepset,next_obs_prediction,critic_nop.pre_predictors_transform,147712,147712,0,590848
masac_deepset,next_obs_prediction,critic_nop.pre_transition_transform,591360,591360,0,2365440
masac_deepset,next_obs_prediction,critic_nop.transition_model,546560,546560,0,2186240
masac_deepset,targets,critic_target.q1,1360897,0,1360897,5443588
masac_deepset,targets,critic_target.q2,1360897,0,1360897,5443588
tmatd3,actor,actor.action_net,1548,1548,0,6192
tmatd3,actor,actor.encoder,1730048,1730048,0,6920192
tmatd3,actor,actor.head,32896,32896,0,131584
tmatd3,critic,critic.encoder,1734656,1734656,0,6938624
tmatd3,critic,critic.q1,197633,197633,0,790532
tmatd3,critic,critic.q2,197633,197633,0,790532
tmatd3,next_obs_prediction,critic_nop.local_angles_predictor,1548,1548,0,6192
tmatd3,next_obs_prediction,critic_nop.local_binaries_predictor,516,516,0,2064
tmatd3,next_obs_prediction,critic_nop.local_rot6ds_predictor,387,387,0,1548
tmatd3,next_obs_prediction,critic_nop.local_scalars_predictor,4257,4257,0,17028
tmatd3,next_obs_prediction,critic_nop.pre_predictors_transform,49408,49408,0,197632
tmatd3,next_obs_prediction,critic_nop.pre_transition_transform,197376,197376,0,789504
tmatd3,next_obs_prediction,critic_nop.transition_model,349184,349184,0,1396736
tmatd3,targets,actor_target.action_net,1548,0,1548,6192
tmatd3,targets,actor_target.encoder,1730048,0,1730048,6920192
tmatd3,targets,actor_target.head,32896,0,32896,131584
tmatd3,targets,critic_target.encoder,1734656,0,1734656,6938624
tmatd3,targets,critic_target.q1,197633,0,197633,790532
tmatd3,targets,critic_target.q2,197633,0,197633,790532
tmatd3_dec,actor,actor.action_net,1548,1548,0,6192
tmatd3_dec,actor,actor.encoder,1203712,1203712,0,4814848
tmatd3_dec,actor,actor.head,32896,32896,0,131584
tmatd3_dec,critic,critic.encoder,1734656,1734656,0,6938624
tmatd3_dec,critic,critic.q1,197633,197633,0,790532
tmatd3_dec,critic,critic.q2,197633,197633,0,790532
tmatd3_dec,next_obs_prediction,critic_nop.local_angles_predictor,1548,1548,0,6192
tmatd3_dec,next_obs_prediction,critic_nop.local_binaries_predictor,516,516,0,2064
tmatd3_dec,next_obs_prediction,critic_nop.local_rot6ds_predictor,387,387,0,1548
tmatd3_dec,next_obs_prediction,critic_nop.local_scalars_predictor,4257,4257,0,17028
tmatd3_dec,next_obs_prediction,critic_nop.pre_predictors_transform,49408,49408,0,197632
tmatd3_dec,next_obs_prediction,critic_nop.pre_transition_transform,197376,197376,0,789504
tmatd3_dec,next_obs_prediction,critic_nop.transition_model,349184,349184,0,1396736
tmatd3_dec,targets,actor_target.action_net,1548,0,1548,6192
tmatd3_dec,targets,actor_target.encoder,1203712,0,1203712,4814848
tmatd3_dec,targets,actor_target.head,32896,0,32896,131584
tmatd3_dec,targets,critic_target.encoder,1734656,0,1734656,6938624
tmatd3_dec,targets,critic_target.q1,197633,0,197633,790532
tmatd3_dec,targets,critic_target.q2,197633,0,197633,790532
tmasac,actor,_actor_encoder.backbone,1730048,1730048,0,6920192
tmasac,actor,action_dist,3096,3096,0,12384
tmasac,actor,actor_head,32896,32896,0,131584
tmasac,critic,critic.encoder,1734656,1734656,0,6938624
tmasac,critic,critic.q1,197633,197633,0,790532
tmasac,critic,critic.q2,197633,197633,0,790532
tmasac,next_obs_prediction,critic_nop.local_angles_predictor,1548,1548,0,6192
tmasac,next_obs_prediction,critic_nop.local_binaries_predictor,516,516,0,2064
tmasac,next_obs_prediction,critic_nop.local_rot6ds_predictor,387,387,0,1548
tmasac,next_obs_prediction,critic_nop.local_scalars_predictor,4257,4257,0,17028
tmasac,next_obs_prediction,critic_nop.pre_predictors_transform,49408,49408,0,197632
tmasac,next_obs_prediction,critic_nop.pre_transition_transform,197376,197376,0,789504
tmasac,next_obs_prediction,critic_nop.transition_model,349184,349184,0,1396736
tmasac,targets,critic_target.encoder,1734656,0,1734656,6938624
tmasac,targets,critic_target.q1,197633,0,197633,790532
tmasac,targets,critic_target.q2,197633,0,197633,790532
tmasac_dec,actor,_actor_encoder.backbone,1203712,1203712,0,4814848
tmasac_dec,actor,action_dist,3096,3096,0,12384
tmasac_dec,actor,actor_head,32896,32896,0,131584
tmasac_dec,critic,critic.encoder,1734656,1734656,0,6938624
tmasac_dec,critic,critic.q1,197633,197633,0,790532
tmasac_dec,critic,critic.q2,197633,197633,0,790532
tmasac_dec,next_obs_prediction,critic_nop.local_angles_predictor,1548,1548,0,6192
tmasac_dec,next_obs_prediction,critic_nop.local_binaries_predictor,516,516,0,2064
tmasac_dec,next_obs_prediction,critic_nop.local_rot6ds_predictor,387,387,0,1548
tmasac_dec,next_obs_prediction,critic_nop.local_scalars_predictor,4257,4257,0,17028
tmasac_dec,next_obs_prediction,critic_nop.pre_predictors_transform,49408,49408,0,197632
tmasac_dec,next_obs_prediction,critic_nop.pre_transition_transform,197376,197376,0,789504
tmasac_dec,next_obs_prediction,critic_nop.transition_model,349184,349184,0,1396736
tmasac_dec,targets,critic_target.encoder,1734656,0,1734656,6938624
tmasac_dec,targets,critic_target.q1,197633,0,197633,790532
tmasac_dec,targets,critic_target.q2,197633,0,197633,790532
tmasac_shared_encoder,actor,_actor_encoder.backbone,987648,987648,0,3950592
tmasac_shared_encoder,actor,action_dist,3096,3096,0,12384
tmasac_shared_encoder,actor,actor_head,32896,32896,0,131584
tmasac_shared_encoder,critic,critic.encoder,992256,992256,0,3969024
tmasac_shared_encoder,critic,critic.q1,197633,197633,0,790532
tmasac_shared_encoder,critic,critic.q2,197633,197633,0,790532
tmasac_shared_encoder,next_obs_prediction,critic_nop.local_angles_predictor,1548,1548,0,6192
tmasac_shared_encoder,next_obs_prediction,critic_nop.local_binaries_predictor,516,516,0,2064
tmasac_shared_encoder,next_obs_prediction,critic_nop.local_rot6ds_predictor,387,387,0,1548
tmasac_shared_encoder,next_obs_prediction,critic_nop.local_scalars_predictor,4257,4257,0,17028
tmasac_shared_encoder,next_obs_prediction,critic_nop.pre_predictors_transform,49408,49408,0,197632
tmasac_shared_encoder,next_obs_prediction,critic_nop.pre_transition_transform,197376,197376,0,789504
tmasac_shared_encoder,next_obs_prediction,critic_nop.transition_model,349184,349184,0,1396736
tmasac_shared_encoder,shared_encoder,shared_observation_encoder.backbone,1730048,1730048,0,6920192
tmasac_shared_encoder,targets,critic_target.encoder,992256,0,992256,3969024
tmasac_shared_encoder,targets,critic_target.q1,197633,0,197633,790532
tmasac_shared_encoder,targets,critic_target.q2,197633,0,197633,790532
tmasac_shared_encoder,targets,shared_observation_encoder_target,1730048,0,1730048,6920192
tmasac_swiglu,actor,_actor_encoder.backbone,1740480,1740480,0,6961920
tmasac_swiglu,actor,action_dist,3096,3096,0,12384
tmasac_swiglu,actor,actor_head,32896,32896,0,131584
tmasac_swiglu,critic,critic.encoder,1745088,1745088,0,6980352
tmasac_swiglu,critic,critic.q1,197633,197633,0,790532
tmasac_swiglu,critic,critic.q2,197633,197633,0,790532
tmasac_swiglu,next_obs_prediction,critic_nop.local_angles_predictor,1548,1548,0,6192
tmasac_swiglu,next_obs_prediction,critic_nop.local_binaries_predictor,516,516,0,2064
tmasac_swiglu,next_obs_prediction,critic_nop.local_rot6ds_predictor,387,387,0,1548
tmasac_swiglu,next_obs_prediction,critic_nop.local_scalars_predictor,4257,4257,0,17028
tmasac_swiglu,next_obs_prediction,critic_nop.pre_predictors_transform,49408,49408,0,197632
tmasac_swiglu,next_obs_prediction,critic_nop.pre_transition_transform,197376,197376,0,789504
tmasac_swiglu,next_obs_prediction,critic_nop.transition_model,349184,349184,0,1396736
tmasac_swiglu,targets,critic_target.encoder,1745088,0,1745088,6980352
tmasac_swiglu,targets,critic_target.q1,197633,0,197633,790532
tmasac_swiglu,targets,critic_target.q2,197633,0,197633,790532
tmasac_slstm,actor,_actor_encoder.backbone,1731584,1731584,0,6926336
tmasac_slstm,actor,_actor_encoder.temporal_model,264704,264704,0,1058816
tmasac_slstm,actor,action_dist,3096,3096,0,12384
tmasac_slstm,actor,actor_head,32896,32896,0,131584
tmasac_slstm,critic,critic.actor_state_encoder,197120,197120,0,788480
tmasac_slstm,critic,critic.encoder,1800192,1800192,0,7200768
tmasac_slstm,critic,critic.q1,197633,197633,0,790532
tmasac_slstm,critic,critic.q2,197633,197633,0,790532
tmasac_slstm,next_obs_prediction,critic_nop.local_angles_predictor,1548,1548,0,6192
tmasac_slstm,next_obs_prediction,critic_nop.local_binaries_predictor,516,516,0,2064
tmasac_slstm,next_obs_prediction,critic_nop.local_rot6ds_predictor,387,387,0,1548
tmasac_slstm,next_obs_prediction,critic_nop.local_scalars_predictor,4257,4257,0,17028
tmasac_slstm,next_obs_prediction,critic_nop.pre_predictors_transform,49408,49408,0,197632
tmasac_slstm,next_obs_prediction,critic_nop.pre_transition_transform,197376,197376,0,789504
tmasac_slstm,next_obs_prediction,critic_nop.transition_model,349184,349184,0,1396736
tmasac_slstm,targets,critic_target.actor_state_encoder,197120,0,197120,788480
tmasac_slstm,targets,critic_target.encoder,1800192,0,1800192,7200768
tmasac_slstm,targets,critic_target.q1,197633,0,197633,790532
tmasac_slstm,targets,critic_target.q2,197633,0,197633,790532
tmasac_slstm_no_residual,actor,_actor_encoder.backbone,1731584,1731584,0,6926336
tmasac_slstm_no_residual,actor,_actor_encoder.temporal_model,264704,264704,0,1058816
tmasac_slstm_no_residual,actor,action_dist,3096,3096,0,12384
tmasac_slstm_no_residual,actor,actor_head,32896,32896,0,131584
tmasac_slstm_no_residual,critic,critic.actor_state_encoder,197120,197120,0,788480
tmasac_slstm_no_residual,critic,critic.encoder,1800192,1800192,0,7200768
tmasac_slstm_no_residual,critic,critic.q1,197633,197633,0,790532
tmasac_slstm_no_residual,critic,critic.q2,197633,197633,0,790532
tmasac_slstm_no_residual,next_obs_prediction,critic_nop.local_angles_predictor,1548,1548,0,6192
tmasac_slstm_no_residual,next_obs_prediction,critic_nop.local_binaries_predictor,516,516,0,2064
tmasac_slstm_no_residual,next_obs_prediction,critic_nop.local_rot6ds_predictor,387,387,0,1548
tmasac_slstm_no_residual,next_obs_prediction,critic_nop.local_scalars_predictor,4257,4257,0,17028
tmasac_slstm_no_residual,next_obs_prediction,critic_nop.pre_predictors_transform,49408,49408,0,197632
tmasac_slstm_no_residual,next_obs_prediction,critic_nop.pre_transition_transform,197376,197376,0,789504
tmasac_slstm_no_residual,next_obs_prediction,critic_nop.transition_model,349184,349184,0,1396736
tmasac_slstm_no_residual,targets,critic_target.actor_state_encoder,197120,0,197120,788480
tmasac_slstm_no_residual,targets,critic_target.encoder,1800192,0,1800192,7200768
tmasac_slstm_no_residual,targets,critic_target.q1,197633,0,197633,790532
tmasac_slstm_no_residual,targets,critic_target.q2,197633,0,197633,790532
tmasac_slstm_shared_encoder,actor,_actor_encoder.backbone,987648,987648,0,3950592
tmasac_slstm_shared_encoder,actor,action_dist,3096,3096,0,12384
tmasac_slstm_shared_encoder,actor,actor_head,32896,32896,0,131584
tmasac_slstm_shared_encoder,critic,critic.encoder,992256,992256,0,3969024
tmasac_slstm_shared_encoder,critic,critic.q1,197633,197633,0,790532
tmasac_slstm_shared_encoder,critic,critic.q2,197633,197633,0,790532
tmasac_slstm_shared_encoder,next_obs_prediction,critic_nop.local_angles_predictor,1548,1548,0,6192
tmasac_slstm_shared_encoder,next_obs_prediction,critic_nop.local_binaries_predictor,516,516,0,2064
tmasac_slstm_shared_encoder,next_obs_prediction,critic_nop.local_rot6ds_predictor,387,387,0,1548
tmasac_slstm_shared_encoder,next_obs_prediction,critic_nop.local_scalars_predictor,4257,4257,0,17028
tmasac_slstm_shared_encoder,next_obs_prediction,critic_nop.pre_predictors_transform,49408,49408,0,197632
tmasac_slstm_shared_encoder,next_obs_prediction,critic_nop.pre_transition_transform,197376,197376,0,789504
tmasac_slstm_shared_encoder,next_obs_prediction,critic_nop.transition_model,349184,349184,0,1396736
tmasac_slstm_shared_encoder,shared_encoder,shared_observation_encoder.backbone,1730048,1730048,0,6920192
tmasac_slstm_shared_encoder,shared_encoder,shared_observation_encoder.temporal_model,264704,264704,0,1058816
tmasac_slstm_shared_encoder,targets,critic_target.encoder,992256,0,992256,3969024
tmasac_slstm_shared_encoder,targets,critic_target.q1,197633,0,197633,790532
tmasac_slstm_shared_encoder,targets,critic_target.q2,197633,0,197633,790532
tmasac_slstm_shared_encoder,targets,shared_observation_encoder_target,1730048,0,1730048,6920192
tmasac_slstm_shared_encoder,targets,shared_observation_encoder_target.temporal_model,264704,0,264704,1058816
tmasac_lstm,actor,_actor_encoder.backbone,1731584,1731584,0,6926336
tmasac_lstm,actor,_actor_encoder.temporal_model,1048576,1048576,0,4194304
tmasac_lstm,actor,action_dist,3096,3096,0,12384
tmasac_lstm,actor,actor_head,32896,32896,0,131584
tmasac_lstm,critic,critic.actor_state_encoder,197120,197120,0,788480
tmasac_lstm,critic,critic.encoder,1800192,1800192,0,7200768
tmasac_lstm,critic,critic.q1,197633,197633,0,790532
tmasac_lstm,critic,critic.q2,197633,197633,0,790532
tmasac_lstm,next_obs_prediction,critic_nop.local_angles_predictor,1548,1548,0,6192
tmasac_lstm,next_obs_prediction,critic_nop.local_binaries_predictor,516,516,0,2064
tmasac_lstm,next_obs_prediction,critic_nop.local_rot6ds_predictor,387,387,0,1548
tmasac_lstm,next_obs_prediction,critic_nop.local_scalars_predictor,4257,4257,0,17028
tmasac_lstm,next_obs_prediction,critic_nop.pre_predictors_transform,49408,49408,0,197632
tmasac_lstm,next_obs_prediction,critic_nop.pre_transition_transform,197376,197376,0,789504
tmasac_lstm,next_obs_prediction,critic_nop.transition_model,349184,349184,0,1396736
tmasac_lstm,targets,critic_target.actor_state_encoder,197120,0,197120,788480
tmasac_lstm,targets,critic_target.encoder,1800192,0,1800192,7200768
tmasac_lstm,targets,critic_target.q1,197633,0,197633,790532
tmasac_lstm,targets,critic_target.q2,197633,0,197633,790532
tmasac_slstm_swiglu,actor,_actor_encoder.backbone,1740480,1740480,0,6961920
tmasac_slstm_swiglu,actor,_actor_encoder.temporal_model,264704,264704,0,1058816
tmasac_slstm_swiglu,actor,action_dist,3096,3096,0,12384
tmasac_slstm_swiglu,actor,actor_head,32896,32896,0,131584
tmasac_slstm_swiglu,critic,critic.actor_state_encoder,197120,197120,0,788480
tmasac_slstm_swiglu,critic,critic.encoder,1810624,1810624,0,7242496
tmasac_slstm_swiglu,critic,critic.q1,197633,197633,0,790532
tmasac_slstm_swiglu,critic,critic.q2,197633,197633,0,790532
tmasac_slstm_swiglu,next_obs_prediction,critic_nop.local_angles_predictor,1548,1548,0,6192
tmasac_slstm_swiglu,next_obs_prediction,critic_nop.local_binaries_predictor,516,516,0,2064
tmasac_slstm_swiglu,next_obs_prediction,critic_nop.local_rot6ds_predictor,387,387,0,1548
tmasac_slstm_swiglu,next_obs_prediction,critic_nop.local_scalars_predictor,4257,4257,0,17028
tmasac_slstm_swiglu,next_obs_prediction,critic_nop.pre_predictors_transform,49408,49408,0,197632
tmasac_slstm_swiglu,next_obs_prediction,critic_nop.pre_transition_transform,197376,197376,0,789504
tmasac_slstm_swiglu,next_obs_prediction,critic_nop.transition_model,349184,349184,0,1396736
tmasac_slstm_swiglu,targets,critic_target.actor_state_encoder,197120,0,197120,788480
tmasac_slstm_swiglu,targets,critic_target.encoder,1810624,0,1810624,7242496
tmasac_slstm_swiglu,targets,critic_target.q1,197633,0,197633,790532
tmasac_slstm_swiglu,targets,critic_target.q2,197633,0,197633,790532
mat_ind_no_attention,actor,action_dist,9288,9288,0,37152
mat_ind_no_attention,actor,actor_head,32896,32896,0,131584
mat_ind_no_attention,critic,critic.deepset,198656,198656,0,794624
mat_ind_no_attention,critic,critic.popart_head,257,257,0,1028
mat_ind_no_attention,next_obs_prediction,local_angles_predictor,1548,1548,0,6192
mat_ind_no_attention,next_obs_prediction,local_binaries_predictor,516,516,0,2064
mat_ind_no_attention,next_obs_prediction,local_rot6ds_predictor,387,387,0,1548
mat_ind_no_attention,next_obs_prediction,local_scalars_predictor,4257,4257,0,17028
mat_ind_no_attention,next_obs_prediction,pre_predictors_transform,49408,49408,0,197632
mat_ind_no_attention,next_obs_prediction,pre_transition_transform,65792,65792,0,263168
mat_ind_no_attention,next_obs_prediction,transition_model,349184,349184,0,1396736
mat_ind_no_attention,shared_encoder,encoder.backbone,678400,678400,0,2713600
mat_qcx_no_nop,actor,action_dist,9288,9288,0,37152
mat_qcx_no_nop,actor,action_encoder,18176,18176,0,72704
mat_qcx_no_nop,actor,decoder,595584,595584,0,2382336
mat_qcx_no_nop,critic,critic.deepset,198656,198656,0,794624
mat_qcx_no_nop,critic,critic.popart_head,257,257,0,1028
mat_qcx_no_nop,shared_encoder,encoder.backbone,1204736,1204736,0,4818944
tmasac_no_nop,actor,_actor_encoder.backbone,1730048,1730048,0,6920192
tmasac_no_nop,actor,action_dist,3096,3096,0,12384
tmasac_no_nop,actor,actor_head,32896,32896,0,131584
tmasac_no_nop,critic,critic.encoder,1734656,1734656,0,6938624
tmasac_no_nop,critic,critic.q1,197633,197633,0,790532
tmasac_no_nop,critic,critic.q2,197633,197633,0,790532
tmasac_no_nop,targets,critic_target.encoder,1734656,0,1734656,6938624
tmasac_no_nop,targets,critic_target.q1,197633,0,197633,790532
tmasac_no_nop,targets,critic_target.q2,197633,0,197633,790532
tmasac_slstm_no_nop,actor,_actor_encoder.backbone,1731584,1731584,0,6926336
tmasac_slstm_no_nop,actor,_actor_encoder.temporal_model,264704,264704,0,1058816
tmasac_slstm_no_nop,actor,action_dist,3096,3096,0,12384
tmasac_slstm_no_nop,actor,actor_head,32896,32896,0,131584
tmasac_slstm_no_nop,critic,critic.actor_state_encoder,197120,197120,0,788480
tmasac_slstm_no_nop,critic,critic.encoder,1800192,1800192,0,7200768
tmasac_slstm_no_nop,critic,critic.q1,197633,197633,0,790532
tmasac_slstm_no_nop,critic,critic.q2,197633,197633,0,790532
tmasac_slstm_no_nop,targets,critic_target.actor_state_encoder,197120,0,197120,788480
tmasac_slstm_no_nop,targets,critic_target.encoder,1800192,0,1800192,7200768
tmasac_slstm_no_nop,targets,critic_target.q1,197633,0,197633,790532
tmasac_slstm_no_nop,targets,critic_target.q2,197633,0,197633,790532
tmasac_lstm_no_actor_state,actor,_actor_encoder.backbone,1335808,1335808,0,5343232
tmasac_lstm_no_actor_state,actor,_actor_encoder.temporal_model,1048576,1048576,0,4194304
tmasac_lstm_no_actor_state,actor,action_dist,3096,3096,0,12384
tmasac_lstm_no_actor_state,actor,actor_head,32896,32896,0,131584
tmasac_lstm_no_actor_state,critic,critic.encoder,1209344,1209344,0,4837376
tmasac_lstm_no_actor_state,critic,critic.q1,197633,197633,0,790532
tmasac_lstm_no_actor_state,critic,critic.q2,197633,197633,0,790532
tmasac_lstm_no_actor_state,next_obs_prediction,critic_nop.local_angles_predictor,1548,1548,0,6192
tmasac_lstm_no_actor_state,next_obs_prediction,critic_nop.local_binaries_predictor,516,516,0,2064
tmasac_lstm_no_actor_state,next_obs_prediction,critic_nop.local_rot6ds_predictor,387,387,0,1548
tmasac_lstm_no_actor_state,next_obs_prediction,critic_nop.local_scalars_predictor,4257,4257,0,17028
tmasac_lstm_no_actor_state,next_obs_prediction,critic_nop.pre_predictors_transform,49408,49408,0,197632
tmasac_lstm_no_actor_state,next_obs_prediction,critic_nop.pre_transition_transform,197376,197376,0,789504
tmasac_lstm_no_actor_state,next_obs_prediction,critic_nop.transition_model,349184,349184,0,1396736
tmasac_lstm_no_actor_state,targets,critic_target.encoder,1209344,0,1209344,4837376
tmasac_lstm_no_actor_state,targets,critic_target.q1,197633,0,197633,790532
tmasac_lstm_no_actor_state,targets,critic_target.q2,197633,0,197633,790532
tmasac_segment,actor,_actor_encoder.backbone,1204736,1204736,0,4818944
tmasac_segment,actor,action_dist,3096,3096,0,12384
tmasac_segment,actor,actor_head,32896,32896,0,131584
tmasac_segment,critic,critic.encoder,1209344,1209344,0,4837376
tmasac_segment,critic,critic.q1,197633,197633,0,790532
tmasac_segment,critic,critic.q2,197633,197633,0,790532
tmasac_segment,next_obs_prediction,critic_nop.local_angles_predictor,1548,1548,0,6192
tmasac_segment,next_obs_prediction,critic_nop.local_binaries_predictor,516,516,0,2064
tmasac_segment,next_obs_prediction,critic_nop.local_rot6ds_predictor,387,387,0,1548
tmasac_segment,next_obs_prediction,critic_nop.local_scalars_predictor,4257,4257,0,17028
tmasac_segment,next_obs_prediction,critic_nop.pre_predictors_transform,49408,49408,0,197632
tmasac_segment,next_obs_prediction,critic_nop.pre_transition_transform,197376,197376,0,789504
tmasac_segment,next_obs_prediction,critic_nop.transition_model,349184,349184,0,1396736
tmasac_segment,targets,critic_target.encoder,1209344,0,1209344,4837376
tmasac_segment,targets,critic_target.q1,197633,0,197633,790532
tmasac_segment,targets,critic_target.q2,197633,0,197633,790532
