variant,actor,critic,shared_encoder,next_obs_prediction,targets,other,total,trainable,trainable_minus_nop,frozen,parameter_bytes,main_policy_total,mlp_and_linear,processing_mlp,processing_linear_projection,processing_attention,processing_recurrent,processing_normalization,processing_embedding,processing_other,actor_mlp_and_linear,critic_mlp_and_linear,shared_encoder_mlp_and_linear,other_mlp_and_linear
ppo,44072,317441,790336,417716,0,0,1569565,1569565,1151849,0,6278260,1151849,1151849,1144608,7241,0,0,0,0,0,44072,317441,790336,0
ppo_small,43880,157441,545824,394100,0,0,1141245,1141245,747145,0,4564980,747145,747145,742304,4841,0,0,0,0,0,43880,157441,545824,0
mappo,58696,166273,1007232,471092,0,0,1703293,1703293,1232201,0,6813172,1232201,1232201,1222784,9417,0,0,0,0,0,58696,166273,1007232,0
mappo_small,55480,130609,660864,471092,0,0,1318045,1318045,846953,0,5272180,846953,846953,838688,8265,0,0,0,0,0,55480,130609,660864,0
mappo_mlp,58696,366337,1007232,471092,0,0,1903357,1903357,1432265,0,7613428,1432265,1432265,1422848,9417,0,0,0,0,0,58696,366337,1007232,0
mappo_mlp_small,55480,274817,660864,471092,0,0,1462253,1462253,991161,0,5849012,991161,991161,982896,8265,0,0,0,0,0,55480,274817,660864,0
mat_orig,409160,199427,1204736,471092,0,0,2284415,2284415,1813323,0,9137660,1813323,1017675,973825,43850,790528,0,5120,0,0,142920,198915,675840,0
mat_ind,42184,198913,1204736,471092,0,0,1916925,1916925,1445833,0,7667700,1445833,916937,907392,9545,526336,0,2560,0,0,42184,198913,675840,0
mat_dec,737096,1403649,0,471092,0,0,2611837,2611837,2140745,0,10447348,2140745,1609289,1599744,9545,526336,0,5120,0,0,734536,874753,0,0
mat_qcx,623048,198913,1204736,471092,0,0,2497789,2497789,2026697,0,9991156,2026697,1165769,1123328,42441,856064,0,4864,0,0,291016,198913,675840,0
mat_ind_lstm,42184,198913,2911232,471092,0,0,3623421,3623421,3152329,0,14493684,3152329,1573833,1433216,140617,526336,1048576,3584,0,0,42184,198913,1332736,0
mat_qcx_lstm,623048,198913,2911232,471092,0,0,4204285,4204285,3733193,0,16817140,3733193,1822665,1649152,173513,856064,1048576,5888,0,0,291016,198913,1332736,0
maddpg_mlp,1238156,752129,0,0,1990285,0,3980570,1990285,1990285,1990285,15922280,1990285,1987725,1986177,1548,0,0,2560,0,0,1235596,752129,0,0
maddpg_deepset,1238156,1360897,0,832564,2599053,0,6030670,3431617,2599053,2599053,24122680,2599053,2596493,2594432,2061,0,0,2560,0,0,1235596,1360897,0,0
matd3_mlp,1238156,1504258,0,0,2742414,0,5484828,2742414,2742414,2742414,21939312,2742414,2739854,2738306,1548,0,0,2560,0,0,1235596,1504258,0,0
matd3_deepset,1238156,2721794,0,1292340,3959950,0,9212240,5252290,3959950,3959950,36848960,3959950,3957390,3954816,2574,0,0,2560,0,0,1235596,2721794,0,0
masac_mlp,1239704,1504258,0,0,1504258,0,4248220,2743962,2743962,1504258,16992880,2743962,2741402,2738306,3096,0,0,2560,0,0,1237144,1504258,0,0
masac_deepset,1239704,2721794,0,1292340,2721794,0,7975632,5253838,3961498,2721794,31902528,3961498,3958938,3954816,4122,0,0,2560,0,0,1237144,2721794,0,0
tmatd3,1764492,2129922,0,602676,3894414,0,8391504,4497090,3894414,3894414,33566016,3894414,2836622,2834560,2062,1052672,0,5120,0,0,1235596,1601026,0,0
tmatd3_dec,1238156,2129922,0,602676,3368078,0,7338832,3970754,3368078,3368078,29355328,3368078,2836622,2834560,2062,526336,0,5120,0,0,1235596,1601026,0,0
tmasac,1766040,2129922,0,602676,2129922,0,6628560,4498638,3895962,2129922,26514240,3895962,2838170,2834560,3610,1052672,0,5120,0,0,1237144,1601026,0,0
tmasac_dec,1239704,2129922,0,602676,2129922,0,6102224,3972302,3369626,2129922,24408896,3369626,2838170,2834560,3610,526336,0,5120,0,0,1237144,1601026,0,0
tmasac_shared_encoder,1023640,1387522,1730048,602676,3117570,0,7861456,4743886,4141210,3117570,31445824,4141210,3082906,3079296,3610,1052672,0,5632,0,0,758936,1122818,1201152,0
tmasac_swiglu,1776472,2140354,0,602676,2140354,0,6659856,4519502,3916826,2140354,26639424,3916826,2856986,2853376,3610,1052672,0,7168,0,0,1246552,1610434,0,0
tmasac_slstm,2032280,2392578,0,602676,2392578,0,7420112,5027534,4424858,2392578,29680448,4424858,3101338,3097728,3610,1052672,264704,6144,0,0,1237656,1863682,0,0
tmasac_slstm_no_residual,2032280,2392578,0,602676,2392578,0,7420112,5027534,4424858,2392578,29680448,4424858,3101338,3097728,3610,1052672,264704,6144,0,0,1237656,1863682,0,0
tmasac_slstm_shared_encoder,1023640,1387522,1994752,602676,3382274,0,8390864,5008590,4405914,3382274,33563456,4405914,3082906,3079296,3610,1052672,264704,5632,0,0,758936,1122818,1201152,0
tmasac_lstm,2816152,2392578,0,602676,2392578,0,8203984,5811406,5208730,2392578,32815936,5208730,3101338,3097728,3610,1052672,1048576,6144,0,0,1237656,1863682,0,0
tmasac_slstm_swiglu,2041176,2403010,0,602676,2403010,0,7449872,5046862,4444186,2403010,29799488,4444186,3119642,3116032,3610,1052672,264704,7168,0,0,1246552,1873090,0,0
mat_ind_no_attention,42184,198913,678400,471092,0,0,1390589,1390589,919497,0,5562356,919497,916937,907392,9545,0,0,2560,0,0,42184,198913,675840,0
mat_qcx_no_nop,623048,198913,1204736,0,0,0,2026697,2026697,2026697,0,8106788,2026697,1165769,1123328,42441,856064,0,4864,0,0,291016,198913,675840,0
tmasac_no_nop,1766040,2129922,0,0,2129922,0,6025884,3895962,3895962,2129922,24103536,3895962,2838170,2834560,3610,1052672,0,5120,0,0,1237144,1601026,0,0
tmasac_slstm_no_nop,2032280,2392578,0,0,2392578,0,6817436,4424858,4424858,2392578,27269744,4424858,3101338,3097728,3610,1052672,264704,6144,0,0,1237656,1863682,0,0
tmasac_lstm_no_actor_state,2420376,1604610,0,602676,1604610,0,6232272,4627662,4024986,1604610,24929088,4024986,1918618,1783936,134682,1052672,1048576,5120,0,0,842904,1075714,0,0
tmasac_segment,1240728,1604610,0,602676,1604610,0,5052624,3448014,2845338,1604610,20210496,2845338,1787546,1783936,3610,1052672,0,5120,0,0,711832,1075714,0,0
