variant,role,total,trainable,frozen,mlp_and_linear,mlp,linear_projection,attention,recurrent,normalization,embedding,other
ppo,actor,44072,44072,0,44072,37088,6984,0,0,0,0,0
ppo,critic,317441,317441,0,317441,317184,257,0,0,0,0,0
ppo,shared_encoder,790336,790336,0,790336,790336,0,0,0,0,0,0
ppo,other,0,0,0,0,0,0,0,0,0,0,0
ppo,all,1151849,1151849,0,1151849,1144608,7241,0,0,0,0,0
ppo_small,actor,43880,43880,0,43880,39200,4680,0,0,0,0,0
ppo_small,critic,157441,157441,0,157441,157280,161,0,0,0,0,0
ppo_small,shared_encoder,545824,545824,0,545824,545824,0,0,0,0,0,0
ppo_small,other,0,0,0,0,0,0,0,0,0,0,0
ppo_small,all,747145,747145,0,747145,742304,4841,0,0,0,0,0
mappo,actor,58696,58696,0,58696,49408,9288,0,0,0,0,0
mappo,critic,166273,166273,0,166273,166144,129,0,0,0,0,0
mappo,shared_encoder,1007232,1007232,0,1007232,1007232,0,0,0,0,0,0
mappo,other,0,0,0,0,0,0,0,0,0,0,0
mappo,all,1232201,1232201,0,1232201,1222784,9417,0,0,0,0,0
mappo_small,actor,55480,55480,0,55480,47344,8136,0,0,0,0,0
mappo_small,critic,130609,130609,0,130609,130480,129,0,0,0,0,0
mappo_small,shared_encoder,660864,660864,0,660864,660864,0,0,0,0,0,0
mappo_small,other,0,0,0,0,0,0,0,0,0,0,0
mappo_small,all,846953,846953,0,846953,838688,8265,0,0,0,0,0
mappo_mlp,actor,58696,58696,0,58696,49408,9288,0,0,0,0,0
mappo_mlp,critic,366337,366337,0,366337,366208,129,0,0,0,0,0
mappo_mlp,shared_encoder,1007232,1007232,0,1007232,1007232,0,0,0,0,0,0
mappo_mlp,other,0,0,0,0,0,0,0,0,0,0,0
mappo_mlp,all,1432265,1432265,0,1432265,1422848,9417,0,0,0,0,0
mappo_mlp_small,actor,55480,55480,0,55480,47344,8136,0,0,0,0,0
mappo_mlp_small,critic,274817,274817,0,274817,274688,129,0,0,0,0,0
mappo_mlp_small,shared_encoder,660864,660864,0,660864,660864,0,0,0,0,0,0
mappo_mlp_small,other,0,0,0,0,0,0,0,0,0,0,0
mappo_mlp_small,all,991161,991161,0,991161,982896,8265,0,0,0,0,0
mat_orig,actor,409160,409160,0,142920,99072,43848,264192,0,2048,0,0
mat_orig,critic,199427,199427,0,198915,198913,2,0,0,512,0,0
mat_orig,shared_encoder,1204736,1204736,0,675840,675840,0,526336,0,2560,0,0
mat_orig,other,0,0,0,0,0,0,0,0,0,0,0
mat_orig,all,1813323,1813323,0,1017675,973825,43850,790528,0,5120,0,0
mat_ind,actor,42184,42184,0,42184,32896,9288,0,0,0,0,0
mat_ind,critic,198913,198913,0,198913,198656,257,0,0,0,0,0
mat_ind,shared_encoder,1204736,1204736,0,675840,675840,0,526336,0,2560,0,0
mat_ind,other,0,0,0,0,0,0,0,0,0,0,0
mat_ind,all,1445833,1445833,0,916937,907392,9545,526336,0,2560,0,0
mat_dec,actor,737096,737096,0,734536,725248,9288,0,0,2560,0,0
mat_dec,critic,1403649,1403649,0,874753,874496,257,526336,0,2560,0,0
mat_dec,shared_encoder,0,0,0,0,0,0,0,0,0,0,0
mat_dec,other,0,0,0,0,0,0,0,0,0,0,0
mat_dec,all,2140745,2140745,0,1609289,1599744,9545,526336,0,5120,0,0
mat_qcx,actor,623048,623048,0,291016,248832,42184,329728,0,2304,0,0
mat_qcx,critic,198913,198913,0,198913,198656,257,0,0,0,0,0
mat_qcx,shared_encoder,1204736,1204736,0,675840,675840,0,526336,0,2560,0,0
mat_qcx,other,0,0,0,0,0,0,0,0,0,0,0
mat_qcx,all,2026697,2026697,0,1165769,1123328,42441,856064,0,4864,0,0
mat_ind_lstm,actor,42184,42184,0,42184,32896,9288,0,0,0,0,0
mat_ind_lstm,critic,198913,198913,0,198913,198656,257,0,0,0,0,0
mat_ind_lstm,shared_encoder,2911232,2911232,0,1332736,1201664,131072,526336,1048576,3584,0,0
mat_ind_lstm,other,0,0,0,0,0,0,0,0,0,0,0
mat_ind_lstm,all,3152329,3152329,0,1573833,1433216,140617,526336,1048576,3584,0,0
mat_qcx_lstm,actor,623048,623048,0,291016,248832,42184,329728,0,2304,0,0
mat_qcx_lstm,critic,198913,198913,0,198913,198656,257,0,0,0,0,0
mat_qcx_lstm,shared_encoder,2911232,2911232,0,1332736,1201664,131072,526336,1048576,3584,0,0
mat_qcx_lstm,other,0,0,0,0,0,0,0,0,0,0,0
mat_qcx_lstm,all,3733193,3733193,0,1822665,1649152,173513,856064,1048576,5888,0,0
maddpg_mlp,actor,1238156,1238156,0,1235596,1234048,1548,0,0,2560,0,0
maddpg_mlp,critic,752129,752129,0,752129,752129,0,0,0,0,0,0
maddpg_mlp,shared_encoder,0,0,0,0,0,0,0,0,0,0,0
maddpg_mlp,other,0,0,0,0,0,0,0,0,0,0,0
maddpg_mlp,all,1990285,1990285,0,1987725,1986177,1548,0,0,2560,0,0
maddpg_deepset,actor,1238156,1238156,0,1235596,1234048,1548,0,0,2560,0,0
maddpg_deepset,critic,1360897,1360897,0,1360897,1360384,513,0,0,0,0,0
maddpg_deepset,shared_encoder,0,0,0,0,0,0,0,0,0,0,0
maddpg_deepset,other,0,0,0,0,0,0,0,0,0,0,0
maddpg_deepset,all,2599053,2599053,0,2596493,2594432,2061,0,0,2560,0,0
matd3_mlp,actor,1238156,1238156,0,1235596,1234048,1548,0,0,2560,0,0
matd3_mlp,critic,1504258,1504258,0,1504258,1504258,0,0,0,0,0,0
matd3_mlp,shared_encoder,0,0,0,0,0,0,0,0,0,0,0
matd3_mlp,other,0,0,0,0,0,0,0,0,0,0,0
matd3_mlp,all,2742414,2742414,0,2739854,2738306,1548,0,0,2560,0,0
matd3_deepset,actor,1238156,1238156,0,1235596,1234048,1548,0,0,2560,0,0
matd3_deepset,critic,2721794,2721794,0,2721794,2720768,1026,0,0,0,0,0
matd3_deepset,shared_encoder,0,0,0,0,0,0,0,0,0,0,0
matd3_deepset,other,0,0,0,0,0,0,0,0,0,0,0
matd3_deepset,all,3959950,3959950,0,3957390,3954816,2574,0,0,2560,0,0
masac_mlp,actor,1239704,1239704,0,1237144,1234048,3096,0,0,2560,0,0
masac_mlp,critic,1504258,1504258,0,1504258,1504258,0,0,0,0,0,0
masac_mlp,shared_encoder,0,0,0,0,0,0,0,0,0,0,0
masac_mlp,other,0,0,0,0,0,0,0,0,0,0,0
masac_mlp,all,2743962,2743962,0,2741402,2738306,3096,0,0,2560,0,0
masac_deepset,actor,1239704,1239704,0,1237144,1234048,3096,0,0,2560,0,0
masac_deepset,critic,2721794,2721794,0,2721794,2720768,1026,0,0,0,0,0
masac_deepset,shared_encoder,0,0,0,0,0,0,0,0,0,0,0
masac_deepset,other,0,0,0,0,0,0,0,0,0,0,0
masac_deepset,all,3961498,3961498,0,3958938,3954816,4122,0,0,2560,0,0
tmatd3,actor,1764492,1764492,0,1235596,1234048,1548,526336,0,2560,0,0
tmatd3,critic,2129922,2129922,0,1601026,1600512,514,526336,0,2560,0,0
tmatd3,shared_encoder,0,0,0,0,0,0,0,0,0,0,0
tmatd3,other,0,0,0,0,0,0,0,0,0,0,0
tmatd3,all,3894414,3894414,0,2836622,2834560,2062,1052672,0,5120,0,0
tmatd3_dec,actor,1238156,1238156,0,1235596,1234048,1548,0,0,2560,0,0
tmatd3_dec,critic,2129922,2129922,0,1601026,1600512,514,526336,0,2560,0,0
tmatd3_dec,shared_encoder,0,0,0,0,0,0,0,0,0,0,0
tmatd3_dec,other,0,0,0,0,0,0,0,0,0,0,0
tmatd3_dec,all,3368078,3368078,0,2836622,2834560,2062,526336,0,5120,0,0
tmasac,actor,1766040,1766040,0,1237144,1234048,3096,526336,0,2560,0,0
tmasac,critic,2129922,2129922,0,1601026,1600512,514,526336,0,2560,0,0
tmasac,shared_encoder,0,0,0,0,0,0,0,0,0,0,0
tmasac,other,0,0,0,0,0,0,0,0,0,0,0
tmasac,all,3895962,3895962,0,2838170,2834560,3610,1052672,0,5120,0,0
tmasac_dec,actor,1239704,1239704,0,1237144,1234048,3096,0,0,2560,0,0
tmasac_dec,critic,2129922,2129922,0,1601026,1600512,514,526336,0,2560,0,0
tmasac_dec,shared_encoder,0,0,0,0,0,0,0,0,0,0,0
tmasac_dec,other,0,0,0,0,0,0,0,0,0,0,0
tmasac_dec,all,3369626,3369626,0,2838170,2834560,3610,526336,0,5120,0,0
tmasac_shared_encoder,actor,1023640,1023640,0,758936,755840,3096,263168,0,1536,0,0
tmasac_shared_encoder,critic,1387522,1387522,0,1122818,1122304,514,263168,0,1536,0,0
tmasac_shared_encoder,shared_encoder,1730048,1730048,0,1201152,1201152,0,526336,0,2560,0,0
tmasac_shared_encoder,other,0,0,0,0,0,0,0,0,0,0,0
tmasac_shared_encoder,all,4141210,4141210,0,3082906,3079296,3610,1052672,0,5632,0,0
tmasac_swiglu,actor,1776472,1776472,0,1246552,1243456,3096,526336,0,3584,0,0
tmasac_swiglu,critic,2140354,2140354,0,1610434,1609920,514,526336,0,3584,0,0
tmasac_swiglu,shared_encoder,0,0,0,0,0,0,0,0,0,0,0
tmasac_swiglu,other,0,0,0,0,0,0,0,0,0,0,0
tmasac_swiglu,all,3916826,3916826,0,2856986,2853376,3610,1052672,0,7168,0,0
tmasac_slstm,actor,2032280,2032280,0,1237656,1234560,3096,526336,264704,3584,0,0
tmasac_slstm,critic,2392578,2392578,0,1863682,1863168,514,526336,0,2560,0,0
tmasac_slstm,shared_encoder,0,0,0,0,0,0,0,0,0,0,0
tmasac_slstm,other,0,0,0,0,0,0,0,0,0,0,0
tmasac_slstm,all,4424858,4424858,0,3101338,3097728,3610,1052672,264704,6144,0,0
tmasac_slstm_no_residual,actor,2032280,2032280,0,1237656,1234560,3096,526336,264704,3584,0,0
tmasac_slstm_no_residual,critic,2392578,2392578,0,1863682,1863168,514,526336,0,2560,0,0
tmasac_slstm_no_residual,shared_encoder,0,0,0,0,0,0,0,0,0,0,0
tmasac_slstm_no_residual,other,0,0,0,0,0,0,0,0,0,0,0
tmasac_slstm_no_residual,all,4424858,4424858,0,3101338,3097728,3610,1052672,264704,6144,0,0
tmasac_slstm_shared_encoder,actor,1023640,1023640,0,758936,755840,3096,263168,0,1536,0,0
tmasac_slstm_shared_encoder,critic,1387522,1387522,0,1122818,1122304,514,263168,0,1536,0,0
tmasac_slstm_shared_encoder,shared_encoder,1994752,1994752,0,1201152,1201152,0,526336,264704,2560,0,0
tmasac_slstm_shared_encoder,other,0,0,0,0,0,0,0,0,0,0,0
tmasac_slstm_shared_encoder,all,4405914,4405914,0,3082906,3079296,3610,1052672,264704,5632,0,0
tmasac_lstm,actor,2816152,2816152,0,1237656,1234560,3096,526336,1048576,3584,0,0
tmasac_lstm,critic,2392578,2392578,0,1863682,1863168,514,526336,0,2560,0,0
tmasac_lstm,shared_encoder,0,0,0,0,0,0,0,0,0,0,0
tmasac_lstm,other,0,0,0,0,0,0,0,0,0,0,0
tmasac_lstm,all,5208730,5208730,0,3101338,3097728,3610,1052672,1048576,6144,0,0
tmasac_slstm_swiglu,actor,2041176,2041176,0,1246552,1243456,3096,526336,264704,3584,0,0
tmasac_slstm_swiglu,critic,2403010,2403010,0,1873090,1872576,514,526336,0,3584,0,0
tmasac_slstm_swiglu,shared_encoder,0,0,0,0,0,0,0,0,0,0,0
tmasac_slstm_swiglu,other,0,0,0,0,0,0,0,0,0,0,0
tmasac_slstm_swiglu,all,4444186,4444186,0,3119642,3116032,3610,1052672,264704,7168,0,0
mat_ind_no_attention,actor,42184,42184,0,42184,32896,9288,0,0,0,0,0
mat_ind_no_attention,critic,198913,198913,0,198913,198656,257,0,0,0,0,0
mat_ind_no_attention,shared_encoder,678400,678400,0,675840,675840,0,0,0,2560,0,0
mat_ind_no_attention,other,0,0,0,0,0,0,0,0,0,0,0
mat_ind_no_attention,all,919497,919497,0,916937,907392,9545,0,0,2560,0,0
mat_qcx_no_nop,actor,623048,623048,0,291016,248832,42184,329728,0,2304,0,0
mat_qcx_no_nop,critic,198913,198913,0,198913,198656,257,0,0,0,0,0
mat_qcx_no_nop,shared_encoder,1204736,1204736,0,675840,675840,0,526336,0,2560,0,0
mat_qcx_no_nop,other,0,0,0,0,0,0,0,0,0,0,0
mat_qcx_no_nop,all,2026697,2026697,0,1165769,1123328,42441,856064,0,4864,0,0
tmasac_no_nop,actor,1766040,1766040,0,1237144,1234048,3096,526336,0,2560,0,0
tmasac_no_nop,critic,2129922,2129922,0,1601026,1600512,514,526336,0,2560,0,0
tmasac_no_nop,shared_encoder,0,0,0,0,0,0,0,0,0,0,0
tmasac_no_nop,other,0,0,0,0,0,0,0,0,0,0,0
tmasac_no_nop,all,3895962,3895962,0,2838170,2834560,3610,1052672,0,5120,0,0
tmasac_slstm_no_nop,actor,2032280,2032280,0,1237656,1234560,3096,526336,264704,3584,0,0
tmasac_slstm_no_nop,critic,2392578,2392578,0,1863682,1863168,514,526336,0,2560,0,0
tmasac_slstm_no_nop,shared_encoder,0,0,0,0,0,0,0,0,0,0,0
tmasac_slstm_no_nop,other,0,0,0,0,0,0,0,0,0,0,0
tmasac_slstm_no_nop,all,4424858,4424858,0,3101338,3097728,3610,1052672,264704,6144,0,0
tmasac_lstm_no_actor_state,actor,2420376,2420376,0,842904,708736,134168,526336,1048576,2560,0,0
tmasac_lstm_no_actor_state,critic,1604610,1604610,0,1075714,1075200,514,526336,0,2560,0,0
tmasac_lstm_no_actor_state,shared_encoder,0,0,0,0,0,0,0,0,0,0,0
tmasac_lstm_no_actor_state,other,0,0,0,0,0,0,0,0,0,0,0
tmasac_lstm_no_actor_state,all,4024986,4024986,0,1918618,1783936,134682,1052672,1048576,5120,0,0
tmasac_segment,actor,1240728,1240728,0,711832,708736,3096,526336,0,2560,0,0
tmasac_segment,critic,1604610,1604610,0,1075714,1075200,514,526336,0,2560,0,0
tmasac_segment,shared_encoder,0,0,0,0,0,0,0,0,0,0,0
tmasac_segment,other,0,0,0,0,0,0,0,0,0,0,0
tmasac_segment,all,2845338,2845338,0,1787546,1783936,3610,1052672,0,5120,0,0
