variant,role,kind,module,total,trainable,frozen,parameter_bytes
ppo,actor,linear_projection,action_dist.distributions.0.output_net,4656,4656,0,18624
ppo,actor,linear_projection,action_dist.distributions.1.output_net,2328,2328,0,9312
ppo,actor,mlp,actor.mlp,37088,37088,0,148352
ppo,critic,linear_projection,critic.value_head,257,257,0,1028
ppo,critic,mlp,critic.value_features,317184,317184,0,1268736
ppo,shared_encoder,mlp,shared_encoder.mlp,790336,790336,0,3161344
ppo_small,actor,linear_projection,action_dist.distributions.0.output_net,3120,3120,0,12480
ppo_small,actor,linear_projection,action_dist.distributions.1.output_net,1560,1560,0,6240
ppo_small,actor,mlp,actor.mlp,39200,39200,0,156800
ppo_small,critic,linear_projection,critic.value_head,161,161,0,644
ppo_small,critic,mlp,critic.value_features,157280,157280,0,629120
ppo_small,shared_encoder,mlp,shared_encoder.mlp,545824,545824,0,2183296
mappo,actor,linear_projection,action_dist.distributions.0.output_net,6192,6192,0,24768
mappo,actor,linear_projection,action_dist.distributions.1.output_net,3096,3096,0,12384
mappo,actor,mlp,actor.mlp,49408,49408,0,197632
mappo,critic,linear_projection,critic.popart_head,129,129,0,516
mappo,critic,mlp,critic.deepset.element_encoder,99968,99968,0,399872
mappo,critic,mlp,critic.deepset.set_decoder.0,66176,66176,0,264704
mappo,shared_encoder,mlp,shared_encoder.mlp,1007232,1007232,0,4028928
mappo_small,actor,linear_projection,action_dist.distributions.0.output_net,5424,5424,0,21696
mappo_small,actor,linear_projection,action_dist.distributions.1.output_net,2712,2712,0,10848
mappo_small,actor,mlp,actor.mlp,47344,47344,0,189376
mappo_small,critic,linear_projection,critic.popart_head,129,129,0,516
mappo_small,critic,mlp,critic.deepset.element_encoder,83888,83888,0,335552
mappo_small,critic,mlp,critic.deepset.set_decoder.0,46592,46592,0,186368
mappo_small,shared_encoder,mlp,shared_encoder.mlp,660864,660864,0,2643456
mappo_mlp,actor,linear_projection,action_dist.distributions.0.output_net,6192,6192,0,24768
mappo_mlp,actor,linear_projection,action_dist.distributions.1.output_net,3096,3096,0,12384
mappo_mlp,actor,mlp,actor.mlp,49408,49408,0,197632
mappo_mlp,critic,linear_projection,critic.value_head,129,129,0,516
mappo_mlp,critic,mlp,critic.value_features,366208,366208,0,1464832
mappo_mlp,shared_encoder,mlp,shared_encoder.mlp,1007232,1007232,0,4028928
mappo_mlp_small,actor,linear_projection,action_dist.distributions.0.output_net,5424,5424,0,21696
mappo_mlp_small,actor,linear_projection,action_dist.distributions.1.output_net,2712,2712,0,10848
mappo_mlp_small,actor,mlp,actor.mlp,47344,47344,0,189376
mappo_mlp_small,critic,linear_projection,critic.value_head,129,129,0,516
mappo_mlp_small,critic,mlp,critic.value_features,274688,274688,0,1098752
mappo_mlp_small,shared_encoder,mlp,shared_encoder.mlp,660864,660864,0,2643456
mat_orig,actor,attention,decoder.blocks.0.attn1,66048,66048,0,264192
mat_orig,actor,attention,decoder.blocks.0.attn2,66048,66048,0,264192
mat_orig,actor,attention,decoder.blocks.1.attn1,66048,66048,0,264192
mat_orig,actor,attention,decoder.blocks.1.attn2,66048,66048,0,264192
mat_orig,actor,linear_projection,action_dist.distributions.0.output_net,6192,6192,0,24768
mat_orig,actor,linear_projection,action_dist.distributions.1.output_net,3096,3096,0,12384
mat_orig,actor,linear_projection,decoder.action_encoder.0,1664,1664,0,6656
mat_orig,actor,linear_projection,encoder_decoder_projection,32896,32896,0,131584
mat_orig,actor,mlp,decoder.blocks.0.mlp,33024,33024,0,132096
mat_orig,actor,mlp,decoder.blocks.1.mlp,33024,33024,0,132096
mat_orig,actor,mlp,decoder.head,33024,33024,0,132096
mat_orig,actor,normalization,decoder.blocks.0.ln1,256,256,0,1024
mat_orig,actor,normalization,decoder.blocks.0.ln2,256,256,0,1024
mat_orig,actor,normalization,decoder.blocks.0.ln3,256,256,0,1024
mat_orig,actor,normalization,decoder.blocks.1.ln1,256,256,0,1024
mat_orig,actor,normalization,decoder.blocks.1.ln2,256,256,0,1024
mat_orig,actor,normalization,decoder.blocks.1.ln3,256,256,0,1024
mat_orig,actor,normalization,decoder.head.2,256,256,0,1024
mat_orig,actor,normalization,decoder.ln,256,256,0,1024
mat_orig,critic,linear_projection,critic.popart_head,2,2,0,8
mat_orig,critic,mlp,critic.value_head,198913,198913,0,795652
mat_orig,critic,normalization,critic.value_head.2,512,512,0,2048
mat_orig,shared_encoder,attention,encoder.layers.0.self_attn,263168,263168,0,1052672
mat_orig,shared_encoder,attention,encoder.layers.1.self_attn,263168,263168,0,1052672
mat_orig,shared_encoder,mlp,encoder.layers.0.feedforward,262912,262912,0,1051648
mat_orig,shared_encoder,mlp,encoder.layers.1.feedforward,262912,262912,0,1051648
mat_orig,shared_encoder,mlp,encoder.local_obs_encoder,150016,150016,0,600064
mat_orig,shared_encoder,normalization,encoder.layers.0.norm1,512,512,0,2048
mat_orig,shared_encoder,normalization,encoder.layers.0.norm2,512,512,0,2048
mat_orig,shared_encoder,normalization,encoder.layers.1.norm1,512,512,0,2048
mat_orig,shared_encoder,normalization,encoder.layers.1.norm2,512,512,0,2048
mat_orig,shared_encoder,normalization,encoder.norm,512,512,0,2048
mat_ind,actor,linear_projection,action_dist.distributions.0.output_net,6192,6192,0,24768
mat_ind,actor,linear_projection,action_dist.distributions.1.output_net,3096,3096,0,12384
mat_ind,actor,mlp,actor_head,32896,32896,0,131584
mat_ind,critic,linear_projection,critic.popart_head,257,257,0,1028
mat_ind,critic,mlp,critic.deepset.element_encoder,132864,132864,0,531456
mat_ind,critic,mlp,critic.deepset.set_decoder.0,65792,65792,0,263168
mat_ind,shared_encoder,attention,encoder.layers.0.self_attn,263168,263168,0,1052672
mat_ind,shared_encoder,attention,encoder.layers.1.self_attn,263168,263168,0,1052672
mat_ind,shared_encoder,mlp,encoder.layers.0.feedforward,262912,262912,0,1051648
mat_ind,shared_encoder,mlp,encoder.layers.1.feedforward,262912,262912,0,1051648
mat_ind,shared_encoder,mlp,encoder.local_obs_encoder,150016,150016,0,600064
mat_ind,shared_encoder,normalization,encoder.layers.0.norm1,512,512,0,2048
mat_ind,shared_encoder,normalization,encoder.layers.0.norm2,512,512,0,2048
mat_ind,shared_encoder,normalization,encoder.layers.1.norm1,512,512,0,2048
mat_ind,shared_encoder,normalization,encoder.layers.1.norm2,512,512,0,2048
mat_ind,shared_encoder,normalization,encoder.norm,512,512,0,2048
mat_dec,actor,linear_projection,action_dist.distributions.0.output_net,6192,6192,0,24768
mat_dec,actor,linear_projection,action_dist.distributions.1.output_net,3096,3096,0,12384
mat_dec,actor,mlp,actor_encoder.layers.0.feedforward,262912,262912,0,1051648
mat_dec,actor,mlp,actor_encoder.layers.1.feedforward,262912,262912,0,1051648
mat_dec,actor,mlp,actor_encoder.local_obs_encoder,150016,150016,0,600064
mat_dec,actor,mlp,actor_head,49408,49408,0,197632
mat_dec,actor,normalization,actor_encoder.layers.0.norm1,512,512,0,2048
mat_dec,actor,normalization,actor_encoder.layers.0.norm2,512,512,0,2048
mat_dec,actor,normalization,actor_encoder.layers.1.norm1,512,512,0,2048
mat_dec,actor,normalization,actor_encoder.layers.1.norm2,512,512,0,2048
mat_dec,actor,normalization,actor_encoder.norm,512,512,0,2048
mat_dec,critic,attention,encoder.layers.0.self_attn,263168,263168,0,1052672
mat_dec,critic,attention,encoder.layers.1.self_attn,263168,263168,0,1052672
mat_dec,critic,linear_projection,critic.popart_head,257,257,0,1028
mat_dec,critic,mlp,critic.deepset.element_encoder,132864,132864,0,531456
mat_dec,critic,mlp,critic.deepset.set_decoder.0,65792,65792,0,263168
mat_dec,critic,mlp,encoder.layers.0.feedforward,262912,262912,0,1051648
mat_dec,critic,mlp,encoder.layers.1.feedforward,262912,262912,0,1051648
mat_dec,critic,mlp,encoder.local_obs_encoder,150016,150016,0,600064
mat_dec,critic,normalization,encoder.layers.0.norm1,512,512,0,2048
mat_dec,critic,normalization,encoder.layers.0.norm2,512,512,0,2048
mat_dec,critic,normalization,encoder.layers.1.norm1,512,512,0,2048
mat_dec,critic,normalization,encoder.layers.1.norm2,512,512,0,2048
mat_dec,critic,normalization,encoder.norm,512,512,0,2048
mat_qcx,actor,attention,decoder.layers.0.memory_attn,98816,98816,0,395264
mat_qcx,actor,attention,decoder.layers.0.query_context_attn,66048,66048,0,264192
mat_qcx,actor,attention,decoder.layers.1.memory_attn,98816,98816,0,395264
mat_qcx,actor,attention,decoder.layers.1.query_context_attn,66048,66048,0,264192
mat_qcx,actor,linear_projection,action_dist.distributions.0.output_net,6192,6192,0,24768
mat_qcx,actor,linear_projection,action_dist.distributions.1.output_net,3096,3096,0,12384
mat_qcx,actor,linear_projection,decoder.input_projection,32896,32896,0,131584
mat_qcx,actor,mlp,action_encoder,18176,18176,0,72704
mat_qcx,actor,mlp,decoder.layers.0,65920,65920,0,263680
mat_qcx,actor,mlp,decoder.layers.0.context_encoder,49408,49408,0,197632
mat_qcx,actor,mlp,decoder.layers.1,65920,65920,0,263680
mat_qcx,actor,mlp,decoder.layers.1.context_encoder,49408,49408,0,197632
mat_qcx,actor,normalization,decoder.layers.0.context_token_norm,256,256,0,1024
mat_qcx,actor,normalization,decoder.layers.0.norm1,256,256,0,1024
mat_qcx,actor,normalization,decoder.layers.0.norm2,256,256,0,1024
mat_qcx,actor,normalization,decoder.layers.0.norm3,256,256,0,1024
mat_qcx,actor,normalization,decoder.layers.1.context_token_norm,256,256,0,1024
mat_qcx,actor,normalization,decoder.layers.1.norm1,256,256,0,1024
mat_qcx,actor,normalization,decoder.layers.1.norm2,256,256,0,1024
mat_qcx,actor,normalization,decoder.layers.1.norm3,256,256,0,1024
mat_qcx,actor,normalization,decoder.norm,256,256,0,1024
mat_qcx,critic,linear_projection,critic.popart_head,257,257,0,1028
mat_qcx,critic,mlp,critic.deepset.element_encoder,132864,132864,0,531456
mat_qcx,critic,mlp,critic.deepset.set_decoder.0,65792,65792,0,263168
mat_qcx,shared_encoder,attention,encoder.layers.0.self_attn,263168,263168,0,1052672
mat_qcx,shared_encoder,attention,encoder.layers.1.self_attn,263168,263168,0,1052672
mat_qcx,shared_encoder,mlp,encoder.layers.0.feedforward,262912,262912,0,1051648
mat_qcx,shared_encoder,mlp,encoder.layers.1.feedforward,262912,262912,0,1051648
mat_qcx,shared_encoder,mlp,encoder.local_obs_encoder,150016,150016,0,600064
mat_qcx,shared_encoder,normalization,encoder.layers.0.norm1,512,512,0,2048
mat_qcx,shared_encoder,normalization,encoder.layers.0.norm2,512,512,0,2048
mat_qcx,shared_encoder,normalization,encoder.layers.1.norm1,512,512,0,2048
mat_qcx,shared_encoder,normalization,encoder.layers.1.norm2,512,512,0,2048
mat_qcx,shared_encoder,normalization,encoder.norm,512,512,0,2048
mat_ind_lstm,actor,linear_projection,action_dist.distributions.0.output_net,6192,6192,0,24768
mat_ind_lstm,actor,linear_projection,action_dist.distributions.1.output_net,3096,3096,0,12384
mat_ind_lstm,actor,mlp,actor_head,32896,32896,0,131584
mat_ind_lstm,critic,linear_projection,critic.popart_head,257,257,0,1028
mat_ind_lstm,critic,mlp,critic.deepset.element_encoder,132864,132864,0,531456
mat_ind_lstm,critic,mlp,critic.deepset.set_decoder.0,65792,65792,0,263168
mat_ind_lstm,shared_encoder,attention,encoder.layers.0.self_attn,263168,263168,0,1052672
mat_ind_lstm,shared_encoder,attention,encoder.layers.1.self_attn,263168,263168,0,1052672
mat_ind_lstm,shared_encoder,linear_projection,encoder.layers.0.temporal_output_projection,65536,65536,0,262144
mat_ind_lstm,shared_encoder,linear_projection,encoder.layers.1.temporal_output_projection,65536,65536,0,262144
mat_ind_lstm,shared_encoder,mlp,encoder.layers.0.feedforward,262912,262912,0,1051648
mat_ind_lstm,shared_encoder,mlp,encoder.layers.0.inter_module_feedforward,262912,262912,0,1051648
mat_ind_lstm,shared_encoder,mlp,encoder.layers.1.feedforward,262912,262912,0,1051648
mat_ind_lstm,shared_encoder,mlp,encoder.layers.1.inter_module_feedforward,262912,262912,0,1051648
mat_ind_lstm,shared_encoder,mlp,encoder.local_obs_encoder,150016,150016,0,600064
mat_ind_lstm,shared_encoder,normalization,encoder.layers.0.attention_norm,512,512,0,2048
mat_ind_lstm,shared_encoder,normalization,encoder.layers.0.feedforward_norm,512,512,0,2048
mat_ind_lstm,shared_encoder,normalization,encoder.layers.0.inter_module_feedforward_norm,512,512,0,2048
mat_ind_lstm,shared_encoder,normalization,encoder.layers.1.attention_norm,512,512,0,2048
mat_ind_lstm,shared_encoder,normalization,encoder.layers.1.feedforward_norm,512,512,0,2048
mat_ind_lstm,shared_encoder,normalization,encoder.layers.1.inter_module_feedforward_norm,512,512,0,2048
mat_ind_lstm,shared_encoder,normalization,encoder.norm,512,512,0,2048
mat_ind_lstm,shared_encoder,recurrent,encoder.layers.0.temporal_model,524288,524288,0,2097152
mat_ind_lstm,shared_encoder,recurrent,encoder.layers.1.temporal_model,524288,524288,0,2097152
mat_qcx_lstm,actor,attention,decoder.layers.0.memory_attn,98816,98816,0,395264
mat_qcx_lstm,actor,attention,decoder.layers.0.query_context_attn,66048,66048,0,264192
mat_qcx_lstm,actor,attention,decoder.layers.1.memory_attn,98816,98816,0,395264
mat_qcx_lstm,actor,attention,decoder.layers.1.query_context_attn,66048,66048,0,264192
mat_qcx_lstm,actor,linear_projection,action_dist.distributions.0.output_net,6192,6192,0,24768
mat_qcx_lstm,actor,linear_projection,action_dist.distributions.1.output_net,3096,3096,0,12384
mat_qcx_lstm,actor,linear_projection,decoder.input_projection,32896,32896,0,131584
mat_qcx_lstm,actor,mlp,action_encoder,18176,18176,0,72704
mat_qcx_lstm,actor,mlp,decoder.layers.0,65920,65920,0,263680
mat_qcx_lstm,actor,mlp,decoder.layers.0.context_encoder,49408,49408,0,197632
mat_qcx_lstm,actor,mlp,decoder.layers.1,65920,65920,0,263680
mat_qcx_lstm,actor,mlp,decoder.layers.1.context_encoder,49408,49408,0,197632
mat_qcx_lstm,actor,normalization,decoder.layers.0.context_token_norm,256,256,0,1024
mat_qcx_lstm,actor,normalization,decoder.layers.0.norm1,256,256,0,1024
mat_qcx_lstm,actor,normalization,decoder.layers.0.norm2,256,256,0,1024
mat_qcx_lstm,actor,normalization,decoder.layers.0.norm3,256,256,0,1024
mat_qcx_lstm,actor,normalization,decoder.layers.1.context_token_norm,256,256,0,1024
mat_qcx_lstm,actor,normalization,decoder.layers.1.norm1,256,256,0,1024
mat_qcx_lstm,actor,normalization,decoder.layers.1.norm2,256,256,0,1024
mat_qcx_lstm,actor,normalization,decoder.layers.1.norm3,256,256,0,1024
mat_qcx_lstm,actor,normalization,decoder.norm,256,256,0,1024
mat_qcx_lstm,critic,linear_projection,critic.popart_head,257,257,0,1028
mat_qcx_lstm,critic,mlp,critic.deepset.element_encoder,132864,132864,0,531456
mat_qcx_lstm,critic,mlp,critic.deepset.set_decoder.0,65792,65792,0,263168
mat_qcx_lstm,shared_encoder,attention,encoder.layers.0.self_attn,263168,263168,0,1052672
mat_qcx_lstm,shared_encoder,attention,encoder.layers.1.self_attn,263168,263168,0,1052672
mat_qcx_lstm,shared_encoder,linear_projection,encoder.layers.0.temporal_output_projection,65536,65536,0,262144
mat_qcx_lstm,shared_encoder,linear_projection,encoder.layers.1.temporal_output_projection,65536,65536,0,262144
mat_qcx_lstm,shared_encoder,mlp,encoder.layers.0.feedforward,262912,262912,0,1051648
mat_qcx_lstm,shared_encoder,mlp,encoder.layers.0.inter_module_feedforward,262912,262912,0,1051648
mat_qcx_lstm,shared_encoder,mlp,encoder.layers.1.feedforward,262912,262912,0,1051648
mat_qcx_lstm,shared_encoder,mlp,encoder.layers.1.inter_module_feedforward,262912,262912,0,1051648
mat_qcx_lstm,shared_encoder,mlp,encoder.local_obs_encoder,150016,150016,0,600064
mat_qcx_lstm,shared_encoder,normalization,encoder.layers.0.attention_norm,512,512,0,2048
mat_qcx_lstm,shared_encoder,normalization,encoder.layers.0.feedforward_norm,512,512,0,2048
mat_qcx_lstm,shared_encoder,normalization,encoder.layers.0.inter_module_feedforward_norm,512,512,0,2048
mat_qcx_lstm,shared_encoder,normalization,encoder.layers.1.attention_norm,512,512,0,2048
mat_qcx_lstm,shared_encoder,normalization,encoder.layers.1.feedforward_norm,512,512,0,2048
mat_qcx_lstm,shared_encoder,normalization,encoder.layers.1.inter_module_feedforward_norm,512,512,0,2048
mat_qcx_lstm,shared_encoder,normalization,encoder.norm,512,512,0,2048
mat_qcx_lstm,shared_encoder,recurrent,encoder.layers.0.temporal_model,524288,524288,0,2097152
mat_qcx_lstm,shared_encoder,recurrent,encoder.layers.1.temporal_model,524288,524288,0,2097152
maddpg_mlp,actor,linear_projection,actor.action_net,1548,1548,0,6192
maddpg_mlp,actor,mlp,actor.encoder.layers.0.feedforward,525568,525568,0,2102272
maddpg_mlp,actor,mlp,actor.encoder.layers.1.feedforward,525568,525568,0,2102272
maddpg_mlp,actor,mlp,actor.encoder.local_obs_encoder,150016,150016,0,600064
maddpg_mlp,actor,mlp,actor.head.head,32896,32896,0,131584
maddpg_mlp,actor,normalization,actor.encoder.layers.0.norm1,512,512,0,2048
maddpg_mlp,actor,normalization,actor.encoder.layers.0.norm2,512,512,0,2048
maddpg_mlp,actor,normalization,actor.encoder.layers.1.norm1,512,512,0,2048
maddpg_mlp,actor,normalization,actor.encoder.layers.1.norm2,512,512,0,2048
maddpg_mlp,actor,normalization,actor.encoder.norm,512,512,0,2048
maddpg_mlp,critic,mlp,critic.0.network,752129,752129,0,3008516
maddpg_deepset,actor,linear_projection,actor.action_net,1548,1548,0,6192
maddpg_deepset,actor,mlp,actor.encoder.layers.0.feedforward,525568,525568,0,2102272
maddpg_deepset,actor,mlp,actor.encoder.layers.1.feedforward,525568,525568,0,2102272
maddpg_deepset,actor,mlp,actor.encoder.local_obs_encoder,150016,150016,0,600064
maddpg_deepset,actor,mlp,actor.head.head,32896,32896,0,131584
maddpg_deepset,actor,normalization,actor.encoder.layers.0.norm1,512,512,0,2048
maddpg_deepset,actor,normalization,actor.encoder.layers.0.norm2,512,512,0,2048
maddpg_deepset,actor,normalization,actor.encoder.layers.1.norm1,512,512,0,2048
maddpg_deepset,actor,normalization,actor.encoder.layers.1.norm2,512,512,0,2048
maddpg_deepset,actor,normalization,actor.encoder.norm,512,512,0,2048
maddpg_deepset,critic,linear_projection,critic.0.network.deepset.set_decoder.1,513,513,0,2052
maddpg_deepset,critic,mlp,critic.0.network.deepset.element_encoder,571392,571392,0,2285568
maddpg_deepset,critic,mlp,critic.0.network.deepset.set_decoder.0,788992,788992,0,3155968
matd3_mlp,actor,linear_projection,actor.action_net,1548,1548,0,6192
matd3_mlp,actor,mlp,actor.encoder.layers.0.feedforward,525568,525568,0,2102272
matd3_mlp,actor,mlp,actor.encoder.layers.1.feedforward,525568,525568,0,2102272
matd3_mlp,actor,mlp,actor.encoder.local_obs_encoder,150016,150016,0,600064
matd3_mlp,actor,mlp,actor.head.head,32896,32896,0,131584
matd3_mlp,actor,normalization,actor.encoder.layers.0.norm1,512,512,0,2048
matd3_mlp,actor,normalization,actor.encoder.layers.0.norm2,512,512,0,2048
matd3_mlp,actor,normalization,actor.encoder.layers.1.norm1,512,512,0,2048
matd3_mlp,actor,normalization,actor.encoder.layers.1.norm2,512,512,0,2048
matd3_mlp,actor,normalization,actor.encoder.norm,512,512,0,2048
matd3_mlp,critic,mlp,critic.0.network,752129,752129,0,3008516
matd3_mlp,critic,mlp,critic.1.network,752129,752129,0,3008516
matd3_deepset,actor,linear_projection,actor.action_net,1548,1548,0,6192
matd3_deepset,actor,mlp,actor.encoder.layers.0.feedforward,525568,525568,0,2102272
matd3_deepset,actor,mlp,actor.encoder.layers.1.feedforward,525568,525568,0,2102272
matd3_deepset,actor,mlp,actor.encoder.local_obs_encoder,150016,150016,0,600064
matd3_deepset,actor,mlp,actor.head.head,32896,32896,0,131584
matd3_deepset,actor,normalization,actor.encoder.layers.0.norm1,512,512,0,2048
matd3_deepset,actor,normalization,actor.encoder.layers.0.norm2,512,512,0,2048
matd3_deepset,actor,normalization,actor.encoder.layers.1.norm1,512,512,0,2048
matd3_deepset,actor,normalization,actor.encoder.layers.1.norm2,512,512,0,2048
matd3_deepset,actor,normalization,actor.encoder.norm,512,512,0,2048
matd3_deepset,critic,linear_projection,critic.0.network.deepset.set_decoder.1,513,513,0,2052
matd3_deepset,critic,linear_projection,critic.1.network.deepset.set_decoder.1,513,513,0,2052
matd3_deepset,critic,mlp,critic.0.network.deepset.element_encoder,571392,571392,0,2285568
matd3_deepset,critic,mlp,critic.0.network.deepset.set_decoder.0,788992,788992,0,3155968
matd3_deepset,critic,mlp,critic.1.network.deepset.element_encoder,571392,571392,0,2285568
matd3_deepset,critic,mlp,critic.1.network.deepset.set_decoder.0,788992,788992,0,3155968
masac_mlp,actor,linear_projection,action_dist.distributions.0.action_net,1032,1032,0,4128
masac_mlp,actor,linear_projection,action_dist.distributions.0.log_std_net,1032,1032,0,4128
masac_mlp,actor,linear_projection,action_dist.distributions.1.action_net,516,516,0,2064
masac_mlp,actor,linear_projection,action_dist.distributions.1.log_std_net,516,516,0,2064
masac_mlp,actor,mlp,_actor_encoder.layers.0.feedforward,525568,525568,0,2102272
masac_mlp,actor,mlp,_actor_encoder.layers.1.feedforward,525568,525568,0,2102272
masac_mlp,actor,mlp,_actor_encoder.local_obs_encoder,150016,150016,0,600064
masac_mlp,actor,mlp,actor_head.head,32896,32896,0,131584
masac_mlp,actor,normalization,_actor_encoder.layers.0.norm1,512,512,0,2048
masac_mlp,actor,normalization,_actor_encoder.layers.0.norm2,512,512,0,2048
masac_mlp,actor,normalization,_actor_encoder.layers.1.norm1,512,512,0,2048
masac_mlp,actor,normalization,_actor_encoder.layers.1.norm2,512,512,0,2048
masac_mlp,actor,normalization,_actor_encoder.norm,512,512,0,2048
masac_mlp,critic,mlp,critic.q1.network,752129,752129,0,3008516
masac_mlp,critic,mlp,critic.q2.network,752129,752129,0,3008516
masac_deepset,actor,linear_projection,action_dist.distributions.0.action_net,1032,1032,0,4128
masac_deepset,actor,linear_projection,action_dist.distributions.0.log_std_net,1032,1032,0,4128
masac_deepset,actor,linear_projection,action_dist.distributions.1.action_net,516,516,0,2064
masac_deepset,actor,linear_projection,action_dist.distributions.1.log_std_net,516,516,0,2064
masac_deepset,actor,mlp,_actor_encoder.layers.0.feedforward,525568,525568,0,2102272
masac_deepset,actor,mlp,_actor_encoder.layers.1.feedforward,525568,525568,0,2102272
masac_deepset,actor,mlp,_actor_encoder.local_obs_encoder,150016,150016,0,600064
masac_deepset,actor,mlp,actor_head.head,32896,32896,0,131584
masac_deepset,actor,normalization,_actor_encoder.layers.0.norm1,512,512,0,2048
masac_deepset,actor,normalization,_actor_encoder.layers.0.norm2,512,512,0,2048
masac_deepset,actor,normalization,_actor_encoder.layers.1.norm1,512,512,0,2048
masac_deepset,actor,normalization,_actor_encoder.layers.1.norm2,512,512,0,2048
masac_deepset,actor,normalization,_actor_encoder.norm,512,512,0,2048
masac_deepset,critic,linear_projection,critic.q1.network.deepset.set_decoder.1,513,513,0,2052
masac_deepset,critic,linear_projection,critic.q2.network.deepset.set_decoder.1,513,513,0,2052
masac_deepset,critic,mlp,critic.q1.network.deepset.element_encoder,571392,571392,0,2285568
masac_deepset,critic,mlp,critic.q1.network.deepset.set_decoder.0,788992,788992,0,3155968
masac_deepset,critic,mlp,critic.q2.network.deepset.element_encoder,571392,571392,0,2285568
masac_deepset,critic,mlp,critic.q2.network.deepset.set_decoder.0,788992,788992,0,3155968
tmatd3,actor,attention,actor.encoder.layers.0.self_attn,263168,263168,0,1052672
tmatd3,actor,attention,actor.encoder.layers.1.self_attn,263168,263168,0,1052672
tmatd3,actor,linear_projection,actor.action_net,1548,1548,0,6192
tmatd3,actor,mlp,actor.encoder.layers.0.feedforward,525568,525568,0,2102272
tmatd3,actor,mlp,actor.encoder.layers.1.feedforward,525568,525568,0,2102272
tmatd3,actor,mlp,actor.encoder.local_obs_encoder,150016,150016,0,600064
tmatd3,actor,mlp,actor.head.head,32896,32896,0,131584
tmatd3,actor,normalization,actor.encoder.layers.0.norm1,512,512,0,2048
tmatd3,actor,normalization,actor.encoder.layers.0.norm2,512,512,0,2048
tmatd3,actor,normalization,actor.encoder.layers.1.norm1,512,512,0,2048
tmatd3,actor,normalization,actor.encoder.layers.1.norm2,512,512,0,2048
tmatd3,actor,normalization,actor.encoder.norm,512,512,0,2048
tmatd3,critic,attention,critic.encoder.layers.0.self_attn,263168,263168,0,1052672
tmatd3,critic,attention,critic.encoder.layers.1.self_attn,263168,263168,0,1052672
tmatd3,critic,linear_projection,critic.q1.deepset.set_decoder.1,257,257,0,1028
tmatd3,critic,linear_projection,critic.q2.deepset.set_decoder.1,257,257,0,1028
tmatd3,critic,mlp,critic.encoder.global_encoder,66304,66304,0,265216
tmatd3,critic,mlp,critic.encoder.layers.0.feedforward,525568,525568,0,2102272
tmatd3,critic,mlp,critic.encoder.layers.1.feedforward,525568,525568,0,2102272
tmatd3,critic,mlp,critic.encoder.local_action_encoder,88320,88320,0,353280
tmatd3,critic,mlp,critic.q1.deepset.element_encoder,131584,131584,0,526336
tmatd3,critic,mlp,critic.q1.deepset.set_decoder.0,65792,65792,0,263168
tmatd3,critic,mlp,critic.q2.deepset.element_encoder,131584,131584,0,526336
tmatd3,critic,mlp,critic.q2.deepset.set_decoder.0,65792,65792,0,263168
tmatd3,critic,normalization,critic.encoder.layers.0.norm1,512,512,0,2048
tmatd3,critic,normalization,critic.encoder.layers.0.norm2,512,512,0,2048
tmatd3,critic,normalization,critic.encoder.layers.1.norm1,512,512,0,2048
tmatd3,critic,normalization,critic.encoder.layers.1.norm2,512,512,0,2048
tmatd3,critic,normalization,critic.encoder.norm,512,512,0,2048
tmatd3_dec,actor,linear_projection,actor.action_net,1548,1548,0,6192
tmatd3_dec,actor,mlp,actor.encoder.layers.0.feedforward,525568,525568,0,2102272
tmatd3_dec,actor,mlp,actor.encoder.layers.1.feedforward,525568,525568,0,2102272
tmatd3_dec,actor,mlp,actor.encoder.local_obs_encoder,150016,150016,0,600064
tmatd3_dec,actor,mlp,actor.head.head,32896,32896,0,131584
tmatd3_dec,actor,normalization,actor.encoder.layers.0.norm1,512,512,0,2048
tmatd3_dec,actor,normalization,actor.encoder.layers.0.norm2,512,512,0,2048
tmatd3_dec,actor,normalization,actor.encoder.layers.1.norm1,512,512,0,2048
tmatd3_dec,actor,normalization,actor.encoder.layers.1.norm2,512,512,0,2048
tmatd3_dec,actor,normalization,actor.encoder.norm,512,512,0,2048
tmatd3_dec,critic,attention,critic.encoder.layers.0.self_attn,263168,263168,0,1052672
tmatd3_dec,critic,attention,critic.encoder.layers.1.self_attn,263168,263168,0,1052672
tmatd3_dec,critic,linear_projection,critic.q1.deepset.set_decoder.1,257,257,0,1028
tmatd3_dec,critic,linear_projection,critic.q2.deepset.set_decoder.1,257,257,0,1028
tmatd3_dec,critic,mlp,critic.encoder.global_encoder,66304,66304,0,265216
tmatd3_dec,critic,mlp,critic.encoder.layers.0.feedforward,525568,525568,0,2102272
tmatd3_dec,critic,mlp,critic.encoder.layers.1.feedforward,525568,525568,0,2102272
tmatd3_dec,critic,mlp,critic.encoder.local_action_encoder,88320,88320,0,353280
tmatd3_dec,critic,mlp,critic.q1.deepset.element_encoder,131584,131584,0,526336
tmatd3_dec,critic,mlp,critic.q1.deepset.set_decoder.0,65792,65792,0,263168
tmatd3_dec,critic,mlp,critic.q2.deepset.element_encoder,131584,131584,0,526336
tmatd3_dec,critic,mlp,critic.q2.deepset.set_decoder.0,65792,65792,0,263168
tmatd3_dec,critic,normalization,critic.encoder.layers.0.norm1,512,512,0,2048
tmatd3_dec,critic,normalization,critic.encoder.layers.0.norm2,512,512,0,2048
tmatd3_dec,critic,normalization,critic.encoder.layers.1.norm1,512,512,0,2048
tmatd3_dec,critic,normalization,critic.encoder.layers.1.norm2,512,512,0,2048
tmatd3_dec,critic,normalization,critic.encoder.norm,512,512,0,2048
tmasac,actor,attention,_actor_encoder.layers.0.self_attn,263168,263168,0,1052672
tmasac,actor,attention,_actor_encoder.layers.1.self_attn,263168,263168,0,1052672
tmasac,actor,linear_projection,action_dist.distributions.0.action_net,1032,1032,0,4128
tmasac,actor,linear_projection,action_dist.distributions.0.log_std_net,1032,1032,0,4128
tmasac,actor,linear_projection,action_dist.distributions.1.action_net,516,516,0,2064
tmasac,actor,linear_projection,action_dist.distributions.1.log_std_net,516,516,0,2064
tmasac,actor,mlp,_actor_encoder.layers.0.feedforward,525568,525568,0,2102272
tmasac,actor,mlp,_actor_encoder.layers.1.feedforward,525568,525568,0,2102272
tmasac,actor,mlp,_actor_encoder.local_obs_encoder,150016,150016,0,600064
tmasac,actor,mlp,actor_head.head,32896,32896,0,131584
tmasac,actor,normalization,_actor_encoder.layers.0.norm1,512,512,0,2048
tmasac,actor,normalization,_actor_encoder.layers.0.norm2,512,512,0,2048
tmasac,actor,normalization,_actor_encoder.layers.1.norm1,512,512,0,2048
tmasac,actor,normalization,_actor_encoder.layers.1.norm2,512,512,0,2048
tmasac,actor,normalization,_actor_encoder.norm,512,512,0,2048
tmasac,critic,attention,critic.encoder.layers.0.self_attn,263168,263168,0,1052672
tmasac,critic,attention,critic.encoder.layers.1.self_attn,263168,263168,0,1052672
tmasac,critic,linear_projection,critic.q1.deepset.set_decoder.1,257,257,0,1028
tmasac,critic,linear_projection,critic.q2.deepset.set_decoder.1,257,257,0,1028
tmasac,critic,mlp,critic.encoder.global_encoder,66304,66304,0,265216
tmasac,critic,mlp,critic.encoder.layers.0.feedforward,525568,525568,0,2102272
tmasac,critic,mlp,critic.encoder.layers.1.feedforward,525568,525568,0,2102272
tmasac,critic,mlp,critic.encoder.local_action_encoder,88320,88320,0,353280
tmasac,critic,mlp,critic.q1.deepset.element_encoder,131584,131584,0,526336
tmasac,critic,mlp,critic.q1.deepset.set_decoder.0,65792,65792,0,263168
tmasac,critic,mlp,critic.q2.deepset.element_encoder,131584,131584,0,526336
tmasac,critic,mlp,critic.q2.deepset.set_decoder.0,65792,65792,0,263168
tmasac,critic,normalization,critic.encoder.layers.0.norm1,512,512,0,2048
tmasac,critic,normalization,critic.encoder.layers.0.norm2,512,512,0,2048
tmasac,critic,normalization,critic.encoder.layers.1.norm1,512,512,0,2048
tmasac,critic,normalization,critic.encoder.layers.1.norm2,512,512,0,2048
tmasac,critic,normalization,critic.encoder.norm,512,512,0,2048
tmasac_dec,actor,linear_projection,action_dist.distributions.0.action_net,1032,1032,0,4128
tmasac_dec,actor,linear_projection,action_dist.distributions.0.log_std_net,1032,1032,0,4128
tmasac_dec,actor,linear_projection,action_dist.distributions.1.action_net,516,516,0,2064
tmasac_dec,actor,linear_projection,action_dist.distributions.1.log_std_net,516,516,0,2064
tmasac_dec,actor,mlp,_actor_encoder.layers.0.feedforward,525568,525568,0,2102272
tmasac_dec,actor,mlp,_actor_encoder.layers.1.feedforward,525568,525568,0,2102272
tmasac_dec,actor,mlp,_actor_encoder.local_obs_encoder,150016,150016,0,600064
tmasac_dec,actor,mlp,actor_head.head,32896,32896,0,131584
tmasac_dec,actor,normalization,_actor_encoder.layers.0.norm1,512,512,0,2048
tmasac_dec,actor,normalization,_actor_encoder.layers.0.norm2,512,512,0,2048
tmasac_dec,actor,normalization,_actor_encoder.layers.1.norm1,512,512,0,2048
tmasac_dec,actor,normalization,_actor_encoder.layers.1.norm2,512,512,0,2048
tmasac_dec,actor,normalization,_actor_encoder.norm,512,512,0,2048
tmasac_dec,critic,attention,critic.encoder.layers.0.self_attn,263168,263168,0,1052672
tmasac_dec,critic,attention,critic.encoder.layers.1.self_attn,263168,263168,0,1052672
tmasac_dec,critic,linear_projection,critic.q1.deepset.set_decoder.1,257,257,0,1028
tmasac_dec,critic,linear_projection,critic.q2.deepset.set_decoder.1,257,257,0,1028
tmasac_dec,critic,mlp,critic.encoder.global_encoder,66304,66304,0,265216
tmasac_dec,critic,mlp,critic.encoder.layers.0.feedforward,525568,525568,0,2102272
tmasac_dec,critic,mlp,critic.encoder.layers.1.feedforward,525568,525568,0,2102272
tmasac_dec,critic,mlp,critic.encoder.local_action_encoder,88320,88320,0,353280
tmasac_dec,critic,mlp,critic.q1.deepset.element_encoder,131584,131584,0,526336
tmasac_dec,critic,mlp,critic.q1.deepset.set_decoder.0,65792,65792,0,263168
tmasac_dec,critic,mlp,critic.q2.deepset.element_encoder,131584,131584,0,526336
tmasac_dec,critic,mlp,critic.q2.deepset.set_decoder.0,65792,65792,0,263168
tmasac_dec,critic,normalization,critic.encoder.layers.0.norm1,512,512,0,2048
tmasac_dec,critic,normalization,critic.encoder.layers.0.norm2,512,512,0,2048
tmasac_dec,critic,normalization,critic.encoder.layers.1.norm1,512,512,0,2048
tmasac_dec,critic,normalization,critic.encoder.layers.1.norm2,512,512,0,2048
tmasac_dec,critic,normalization,critic.encoder.norm,512,512,0,2048
tmasac_shared_encoder,actor,attention,_actor_encoder.layers.0.self_attn,263168,263168,0,1052672
tmasac_shared_encoder,actor,linear_projection,action_dist.distributions.0.action_net,1032,1032,0,4128
tmasac_shared_encoder,actor,linear_projection,action_dist.distributions.0.log_std_net,1032,1032,0,4128
tmasac_shared_encoder,actor,linear_projection,action_dist.distributions.1.action_net,516,516,0,2064
tmasac_shared_encoder,actor,linear_projection,action_dist.distributions.1.log_std_net,516,516,0,2064
tmasac_shared_encoder,actor,mlp,_actor_encoder.layers.0.feedforward,525568,525568,0,2102272
tmasac_shared_encoder,actor,mlp,_actor_encoder.local_obs_encoder,197376,197376,0,789504
tmasac_shared_encoder,actor,mlp,actor_head.head,32896,32896,0,131584
tmasac_shared_encoder,actor,normalization,_actor_encoder.layers.0.norm1,512,512,0,2048
tmasac_shared_encoder,actor,normalization,_actor_encoder.layers.0.norm2,512,512,0,2048
tmasac_shared_encoder,actor,normalization,_actor_encoder.norm,512,512,0,2048
tmasac_shared_encoder,critic,attention,critic.encoder.layers.0.self_attn,263168,263168,0,1052672
tmasac_shared_encoder,critic,linear_projection,critic.q1.deepset.set_decoder.1,257,257,0,1028
tmasac_shared_encoder,critic,linear_projection,critic.q2.deepset.set_decoder.1,257,257,0,1028
tmasac_shared_encoder,critic,mlp,critic.encoder.global_encoder,66304,66304,0,265216
tmasac_shared_encoder,critic,mlp,critic.encoder.layers.0.feedforward,525568,525568,0,2102272
tmasac_shared_encoder,critic,mlp,critic.encoder.local_action_encoder,135680,135680,0,542720
tmasac_shared_encoder,critic,mlp,critic.q1.deepset.element_encoder,131584,131584,0,526336
tmasac_shared_encoder,critic,mlp,critic.q1.deepset.set_decoder.0,65792,65792,0,263168
tmasac_shared_encoder,critic,mlp,critic.q2.deepset.element_encoder,131584,131584,0,526336
tmasac_shared_encoder,critic,mlp,critic.q2.deepset.set_decoder.0,65792,65792,0,263168
tmasac_shared_encoder,critic,normalization,critic.encoder.layers.0.norm1,512,512,0,2048
tmasac_shared_encoder,critic,normalization,critic.encoder.layers.0.norm2,512,512,0,2048
tmasac_shared_encoder,critic,normalization,critic.encoder.norm,512,512,0,2048
tmasac_shared_encoder,shared_encoder,attention,shared_observation_encoder.layers.0.self_attn,263168,263168,0,1052672
tmasac_shared_encoder,shared_encoder,attention,shared_observation_encoder.layers.1.self_attn,263168,263168,0,1052672
tmasac_shared_encoder,shared_encoder,mlp,shared_observation_encoder.layers.0.feedforward,525568,525568,0,2102272
tmasac_shared_encoder,shared_encoder,mlp,shared_observation_encoder.layers.1.feedforward,525568,525568,0,2102272
tmasac_shared_encoder,shared_encoder,mlp,shared_observation_encoder.local_obs_encoder,150016,150016,0,600064
tmasac_shared_encoder,shared_encoder,normalization,shared_observation_encoder.layers.0.norm1,512,512,0,2048
tmasac_shared_encoder,shared_encoder,normalization,shared_observation_encoder.layers.0.norm2,512,512,0,2048
tmasac_shared_encoder,shared_encoder,normalization,shared_observation_encoder.layers.1.norm1,512,512,0,2048
tmasac_shared_encoder,shared_encoder,normalization,shared_observation_encoder.layers.1.norm2,512,512,0,2048
tmasac_shared_encoder,shared_encoder,normalization,shared_observation_encoder.norm,512,512,0,2048
tmasac_swiglu,actor,attention,_actor_encoder.layers.0.self_attn,263168,263168,0,1052672
tmasac_swiglu,actor,attention,_actor_encoder.layers.1.self_attn,263168,263168,0,1052672
tmasac_swiglu,actor,linear_projection,action_dist.distributions.0.action_net,1032,1032,0,4128
tmasac_swiglu,actor,linear_projection,action_dist.distributions.0.log_std_net,1032,1032,0,4128
tmasac_swiglu,actor,linear_projection,action_dist.distributions.1.action_net,516,516,0,2064
tmasac_swiglu,actor,linear_projection,action_dist.distributions.1.log_std_net,516,516,0,2064
tmasac_swiglu,actor,mlp,_actor_encoder.layers.0.feedforward,530272,530272,0,2121088
tmasac_swiglu,actor,mlp,_actor_encoder.layers.1.feedforward,530272,530272,0,2121088
tmasac_swiglu,actor,mlp,_actor_encoder.local_obs_encoder,150016,150016,0,600064
tmasac_swiglu,actor,mlp,actor_head.head,32896,32896,0,131584
tmasac_swiglu,actor,normalization,_actor_encoder.layers.0.feedforward.pre_norms.1,512,512,0,2048
tmasac_swiglu,actor,normalization,_actor_encoder.layers.0.norm1,512,512,0,2048
tmasac_swiglu,actor,normalization,_actor_encoder.layers.0.norm2,512,512,0,2048
tmasac_swiglu,actor,normalization,_actor_encoder.layers.1.feedforward.pre_norms.1,512,512,0,2048
tmasac_swiglu,actor,normalization,_actor_encoder.layers.1.norm1,512,512,0,2048
tmasac_swiglu,actor,normalization,_actor_encoder.layers.1.norm2,512,512,0,2048
tmasac_swiglu,actor,normalization,_actor_encoder.norm,512,512,0,2048
tmasac_swiglu,critic,attention,critic.encoder.layers.0.self_attn,263168,263168,0,1052672
tmasac_swiglu,critic,attention,critic.encoder.layers.1.self_attn,263168,263168,0,1052672
tmasac_swiglu,critic,linear_projection,critic.q1.deepset.set_decoder.1,257,257,0,1028
tmasac_swiglu,critic,linear_projection,critic.q2.deepset.set_decoder.1,257,257,0,1028
tmasac_swiglu,critic,mlp,critic.encoder.global_encoder,66304,66304,0,265216
tmasac_swiglu,critic,mlp,critic.encoder.layers.0.feedforward,530272,530272,0,2121088
tmasac_swiglu,critic,mlp,critic.encoder.layers.1.feedforward,530272,530272,0,2121088
tmasac_swiglu,critic,mlp,critic.encoder.local_action_encoder,88320,88320,0,353280
tmasac_swiglu,critic,mlp,critic.q1.deepset.element_encoder,131584,131584,0,526336
tmasac_swiglu,critic,mlp,critic.q1.deepset.set_decoder.0,65792,65792,0,263168
tmasac_swiglu,critic,mlp,critic.q2.deepset.element_encoder,131584,131584,0,526336
tmasac_swiglu,critic,mlp,critic.q2.deepset.set_decoder.0,65792,65792,0,263168
tmasac_swiglu,critic,normalization,critic.encoder.layers.0.feedforward.pre_norms.1,512,512,0,2048
tmasac_swiglu,critic,normalization,critic.encoder.layers.0.norm1,512,512,0,2048
tmasac_swiglu,critic,normalization,critic.encoder.layers.0.norm2,512,512,0,2048
tmasac_swiglu,critic,normalization,critic.encoder.layers.1.feedforward.pre_norms.1,512,512,0,2048
tmasac_swiglu,critic,normalization,critic.encoder.layers.1.norm1,512,512,0,2048
tmasac_swiglu,critic,normalization,critic.encoder.layers.1.norm2,512,512,0,2048
tmasac_swiglu,critic,normalization,critic.encoder.norm,512,512,0,2048
tmasac_slstm,actor,attention,_actor_encoder.layers.0.self_attn,263168,263168,0,1052672
tmasac_slstm,actor,attention,_actor_encoder.layers.1.self_attn,263168,263168,0,1052672
tmasac_slstm,actor,linear_projection,action_dist.distributions.0.action_net,1032,1032,0,4128
tmasac_slstm,actor,linear_projection,action_dist.distributions.0.log_std_net,1032,1032,0,4128
tmasac_slstm,actor,linear_projection,action_dist.distributions.1.action_net,516,516,0,2064
tmasac_slstm,actor,linear_projection,action_dist.distributions.1.log_std_net,516,516,0,2064
tmasac_slstm,actor,mlp,_actor_encoder.layers.0.feedforward,262912,262912,0,1051648
tmasac_slstm,actor,mlp,_actor_encoder.layers.0.inter_module_feedforward,262912,262912,0,1051648
tmasac_slstm,actor,mlp,_actor_encoder.layers.1.feedforward,262912,262912,0,1051648
tmasac_slstm,actor,mlp,_actor_encoder.layers.1.inter_module_feedforward,262912,262912,0,1051648
tmasac_slstm,actor,mlp,_actor_encoder.local_obs_encoder,150016,150016,0,600064
tmasac_slstm,actor,mlp,actor_head.head,32896,32896,0,131584
tmasac_slstm,actor,normalization,_actor_encoder.layers.0.attention_norm,512,512,0,2048
tmasac_slstm,actor,normalization,_actor_encoder.layers.0.feedforward_norm,512,512,0,2048
tmasac_slstm,actor,normalization,_actor_encoder.layers.0.inter_module_feedforward_norm,512,512,0,2048
tmasac_slstm,actor,normalization,_actor_encoder.layers.1.attention_norm,512,512,0,2048
tmasac_slstm,actor,normalization,_actor_encoder.layers.1.feedforward_norm,512,512,0,2048
tmasac_slstm,actor,normalization,_actor_encoder.layers.1.inter_module_feedforward_norm,512,512,0,2048
tmasac_slstm,actor,normalization,_actor_encoder.norm,512,512,0,2048
tmasac_slstm,actor,recurrent,_actor_encoder.layers.0.temporal_model,132352,132352,0,529408
tmasac_slstm,actor,recurrent,_actor_encoder.layers.1.temporal_model,132352,132352,0,529408
tmasac_slstm,critic,attention,critic.encoder.layers.0.self_attn,263168,263168,0,1052672
tmasac_slstm,critic,attention,critic.encoder.layers.1.self_attn,263168,263168,0,1052672
tmasac_slstm,critic,linear_projection,critic.q1.deepset.set_decoder.1,257,257,0,1028
tmasac_slstm,critic,linear_projection,critic.q2.deepset.set_decoder.1,257,257,0,1028
tmasac_slstm,critic,mlp,critic.actor_state_encoder,197120,197120,0,788480
tmasac_slstm,critic,mlp,critic.encoder.global_encoder,66304,66304,0,265216
tmasac_slstm,critic,mlp,critic.encoder.layers.0.feedforward,525568,525568,0,2102272
tmasac_slstm,critic,mlp,critic.encoder.layers.1.feedforward,525568,525568,0,2102272
tmasac_slstm,critic,mlp,critic.encoder.local_action_encoder,153856,153856,0,615424
tmasac_slstm,critic,mlp,critic.q1.deepset.element_encoder,131584,131584,0,526336
tmasac_slstm,critic,mlp,critic.q1.deepset.set_decoder.0,65792,65792,0,263168
tmasac_slstm,critic,mlp,critic.q2.deepset.element_encoder,131584,131584,0,526336
tmasac_slstm,critic,mlp,critic.q2.deepset.set_decoder.0,65792,65792,0,263168
tmasac_slstm,critic,normalization,critic.encoder.layers.0.norm1,512,512,0,2048
tmasac_slstm,critic,normalization,critic.encoder.layers.0.norm2,512,512,0,2048
tmasac_slstm,critic,normalization,critic.encoder.layers.1.norm1,512,512,0,2048
tmasac_slstm,critic,normalization,critic.encoder.layers.1.norm2,512,512,0,2048
tmasac_slstm,critic,normalization,critic.encoder.norm,512,512,0,2048
tmasac_slstm_no_residual,actor,attention,_actor_encoder.layers.0.self_attn,263168,263168,0,1052672
tmasac_slstm_no_residual,actor,attention,_actor_encoder.layers.1.self_attn,263168,263168,0,1052672
tmasac_slstm_no_residual,actor,linear_projection,action_dist.distributions.0.action_net,1032,1032,0,4128
tmasac_slstm_no_residual,actor,linear_projection,action_dist.distributions.0.log_std_net,1032,1032,0,4128
tmasac_slstm_no_residual,actor,linear_projection,action_dist.distributions.1.action_net,516,516,0,2064
tmasac_slstm_no_residual,actor,linear_projection,action_dist.distributions.1.log_std_net,516,516,0,2064
tmasac_slstm_no_residual,actor,mlp,_actor_encoder.layers.0.feedforward,262912,262912,0,1051648
tmasac_slstm_no_residual,actor,mlp,_actor_encoder.layers.0.inter_module_feedforward,262912,262912,0,1051648
tmasac_slstm_no_residual,actor,mlp,_actor_encoder.layers.1.feedforward,262912,262912,0,1051648
tmasac_slstm_no_residual,actor,mlp,_actor_encoder.layers.1.inter_module_feedforward,262912,262912,0,1051648
tmasac_slstm_no_residual,actor,mlp,_actor_encoder.local_obs_encoder,150016,150016,0,600064
tmasac_slstm_no_residual,actor,mlp,actor_head.head,32896,32896,0,131584
tmasac_slstm_no_residual,actor,normalization,_actor_encoder.layers.0.attention_norm,512,512,0,2048
tmasac_slstm_no_residual,actor,normalization,_actor_encoder.layers.0.feedforward_norm,512,512,0,2048
tmasac_slstm_no_residual,actor,normalization,_actor_encoder.layers.0.inter_module_feedforward_norm,512,512,0,2048
tmasac_slstm_no_residual,actor,normalization,_actor_encoder.layers.1.attention_norm,512,512,0,2048
tmasac_slstm_no_residual,actor,normalization,_actor_encoder.layers.1.feedforward_norm,512,512,0,2048
tmasac_slstm_no_residual,actor,normalization,_actor_encoder.layers.1.inter_module_feedforward_norm,512,512,0,2048
tmasac_slstm_no_residual,actor,normalization,_actor_encoder.norm,512,512,0,2048
tmasac_slstm_no_residual,actor,recurrent,_actor_encoder.layers.0.temporal_model,132352,132352,0,529408
tmasac_slstm_no_residual,actor,recurrent,_actor_encoder.layers.1.temporal_model,132352,132352,0,529408
tmasac_slstm_no_residual,critic,attention,critic.encoder.layers.0.self_attn,263168,263168,0,1052672
tmasac_slstm_no_residual,critic,attention,critic.encoder.layers.1.self_attn,263168,263168,0,1052672
tmasac_slstm_no_residual,critic,linear_projection,critic.q1.deepset.set_decoder.1,257,257,0,1028
tmasac_slstm_no_residual,critic,linear_projection,critic.q2.deepset.set_decoder.1,257,257,0,1028
tmasac_slstm_no_residual,critic,mlp,critic.actor_state_encoder,197120,197120,0,788480
tmasac_slstm_no_residual,critic,mlp,critic.encoder.global_encoder,66304,66304,0,265216
tmasac_slstm_no_residual,critic,mlp,critic.encoder.layers.0.feedforward,525568,525568,0,2102272
tmasac_slstm_no_residual,critic,mlp,critic.encoder.layers.1.feedforward,525568,525568,0,2102272
tmasac_slstm_no_residual,critic,mlp,critic.encoder.local_action_encoder,153856,153856,0,615424
tmasac_slstm_no_residual,critic,mlp,critic.q1.deepset.element_encoder,131584,131584,0,526336
tmasac_slstm_no_residual,critic,mlp,critic.q1.deepset.set_decoder.0,65792,65792,0,263168
tmasac_slstm_no_residual,critic,mlp,critic.q2.deepset.element_encoder,131584,131584,0,526336
tmasac_slstm_no_residual,critic,mlp,critic.q2.deepset.set_decoder.0,65792,65792,0,263168
tmasac_slstm_no_residual,critic,normalization,critic.encoder.layers.0.norm1,512,512,0,2048
tmasac_slstm_no_residual,critic,normalization,critic.encoder.layers.0.norm2,512,512,0,2048
tmasac_slstm_no_residual,critic,normalization,critic.encoder.layers.1.norm1,512,512,0,2048
tmasac_slstm_no_residual,critic,normalization,critic.encoder.layers.1.norm2,512,512,0,2048
tmasac_slstm_no_residual,critic,normalization,critic.encoder.norm,512,512,0,2048
tmasac_slstm_shared_encoder,actor,attention,_actor_encoder.layers.0.self_attn,263168,263168,0,1052672
tmasac_slstm_shared_encoder,actor,linear_projection,action_dist.distributions.0.action_net,1032,1032,0,4128
tmasac_slstm_shared_encoder,actor,linear_projection,action_dist.distributions.0.log_std_net,1032,1032,0,4128
tmasac_slstm_shared_encoder,actor,linear_projection,action_dist.distributions.1.action_net,516,516,0,2064
tmasac_slstm_shared_encoder,actor,linear_projection,action_dist.distributions.1.log_std_net,516,516,0,2064
tmasac_slstm_shared_encoder,actor,mlp,_actor_encoder.layers.0.feedforward,525568,525568,0,2102272
tmasac_slstm_shared_encoder,actor,mlp,_actor_encoder.local_obs_encoder,197376,197376,0,789504
tmasac_slstm_shared_encoder,actor,mlp,actor_head.head,32896,32896,0,131584
tmasac_slstm_shared_encoder,actor,normalization,_actor_encoder.layers.0.norm1,512,512,0,2048
tmasac_slstm_shared_encoder,actor,normalization,_actor_encoder.layers.0.norm2,512,512,0,2048
tmasac_slstm_shared_encoder,actor,normalization,_actor_encoder.norm,512,512,0,2048
tmasac_slstm_shared_encoder,critic,attention,critic.encoder.layers.0.self_attn,263168,263168,0,1052672
tmasac_slstm_shared_encoder,critic,linear_projection,critic.q1.deepset.set_decoder.1,257,257,0,1028
tmasac_slstm_shared_encoder,critic,linear_projection,critic.q2.deepset.set_decoder.1,257,257,0,1028
tmasac_slstm_shared_encoder,critic,mlp,critic.encoder.global_encoder,66304,66304,0,265216
tmasac_slstm_shared_encoder,critic,mlp,critic.encoder.layers.0.feedforward,525568,525568,0,2102272
tmasac_slstm_shared_encoder,critic,mlp,critic.encoder.local_action_encoder,135680,135680,0,542720
tmasac_slstm_shared_encoder,critic,mlp,critic.q1.deepset.element_encoder,131584,131584,0,526336
tmasac_slstm_shared_encoder,critic,mlp,critic.q1.deepset.set_decoder.0,65792,65792,0,263168
tmasac_slstm_shared_encoder,critic,mlp,critic.q2.deepset.element_encoder,131584,131584,0,526336
tmasac_slstm_shared_encoder,critic,mlp,critic.q2.deepset.set_decoder.0,65792,65792,0,263168
tmasac_slstm_shared_encoder,critic,normalization,critic.encoder.layers.0.norm1,512,512,0,2048
tmasac_slstm_shared_encoder,critic,normalization,critic.encoder.layers.0.norm2,512,512,0,2048
tmasac_slstm_shared_encoder,critic,normalization,critic.encoder.norm,512,512,0,2048
tmasac_slstm_shared_encoder,shared_encoder,attention,shared_observation_encoder.layers.0.self_attn,263168,263168,0,1052672
tmasac_slstm_shared_encoder,shared_encoder,attention,shared_observation_encoder.layers.1.self_attn,263168,263168,0,1052672
tmasac_slstm_shared_encoder,shared_encoder,mlp,shared_observation_encoder.layers.0.feedforward,525568,525568,0,2102272
tmasac_slstm_shared_encoder,shared_encoder,mlp,shared_observation_encoder.layers.1.feedforward,525568,525568,0,2102272
tmasac_slstm_shared_encoder,shared_encoder,mlp,shared_observation_encoder.local_obs_encoder,150016,150016,0,600064
tmasac_slstm_shared_encoder,shared_encoder,normalization,shared_observation_encoder.layers.0.attention_norm,512,512,0,2048
tmasac_slstm_shared_encoder,shared_encoder,normalization,shared_observation_encoder.layers.0.feedforward_norm,512,512,0,2048
tmasac_slstm_shared_encoder,shared_encoder,normalization,shared_observation_encoder.layers.1.attention_norm,512,512,0,2048
tmasac_slstm_shared_encoder,shared_encoder,normalization,shared_observation_encoder.layers.1.feedforward_norm,512,512,0,2048
tmasac_slstm_shared_encoder,shared_encoder,normalization,shared_observation_encoder.norm,512,512,0,2048
tmasac_slstm_shared_encoder,shared_encoder,recurrent,shared_observation_encoder.layers.0.temporal_model,132352,132352,0,529408
tmasac_slstm_shared_encoder,shared_encoder,recurrent,shared_observation_encoder.layers.1.temporal_model,132352,132352,0,529408
tmasac_lstm,actor,attention,_actor_encoder.layers.0.self_attn,263168,263168,0,1052672
tmasac_lstm,actor,attention,_actor_encoder.layers.1.self_attn,263168,263168,0,1052672
tmasac_lstm,actor,linear_projection,action_dist.distributions.0.action_net,1032,1032,0,4128
tmasac_lstm,actor,linear_projection,action_dist.distributions.0.log_std_net,1032,1032,0,4128
tmasac_lstm,actor,linear_projection,action_dist.distributions.1.action_net,516,516,0,2064
tmasac_lstm,actor,linear_projection,action_dist.distributions.1.log_std_net,516,516,0,2064
tmasac_lstm,actor,mlp,_actor_encoder.layers.0.feedforward,262912,262912,0,1051648
tmasac_lstm,actor,mlp,_actor_encoder.layers.0.inter_module_feedforward,262912,262912,0,1051648
tmasac_lstm,actor,mlp,_actor_encoder.layers.1.feedforward,262912,262912,0,1051648
tmasac_lstm,actor,mlp,_actor_encoder.layers.1.inter_module_feedforward,262912,262912,0,1051648
tmasac_lstm,actor,mlp,_actor_encoder.local_obs_encoder,150016,150016,0,600064
tmasac_lstm,actor,mlp,actor_head.head,32896,32896,0,131584
tmasac_lstm,actor,normalization,_actor_encoder.layers.0.attention_norm,512,512,0,2048
tmasac_lstm,actor,normalization,_actor_encoder.layers.0.feedforward_norm,512,512,0,2048
tmasac_lstm,actor,normalization,_actor_encoder.layers.0.inter_module_feedforward_norm,512,512,0,2048
tmasac_lstm,actor,normalization,_actor_encoder.layers.1.attention_norm,512,512,0,2048
tmasac_lstm,actor,normalization,_actor_encoder.layers.1.feedforward_norm,512,512,0,2048
tmasac_lstm,actor,normalization,_actor_encoder.layers.1.inter_module_feedforward_norm,512,512,0,2048
tmasac_lstm,actor,normalization,_actor_encoder.norm,512,512,0,2048
tmasac_lstm,actor,recurrent,_actor_encoder.layers.0.temporal_model,524288,524288,0,2097152
tmasac_lstm,actor,recurrent,_actor_encoder.layers.1.temporal_model,524288,524288,0,2097152
tmasac_lstm,critic,attention,critic.encoder.layers.0.self_attn,263168,263168,0,1052672
tmasac_lstm,critic,attention,critic.encoder.layers.1.self_attn,263168,263168,0,1052672
tmasac_lstm,critic,linear_projection,critic.q1.deepset.set_decoder.1,257,257,0,1028
tmasac_lstm,critic,linear_projection,critic.q2.deepset.set_decoder.1,257,257,0,1028
tmasac_lstm,critic,mlp,critic.actor_state_encoder,197120,197120,0,788480
tmasac_lstm,critic,mlp,critic.encoder.global_encoder,66304,66304,0,265216
tmasac_lstm,critic,mlp,critic.encoder.layers.0.feedforward,525568,525568,0,2102272
tmasac_lstm,critic,mlp,critic.encoder.layers.1.feedforward,525568,525568,0,2102272
tmasac_lstm,critic,mlp,critic.encoder.local_action_encoder,153856,153856,0,615424
tmasac_lstm,critic,mlp,critic.q1.deepset.element_encoder,131584,131584,0,526336
tmasac_lstm,critic,mlp,critic.q1.deepset.set_decoder.0,65792,65792,0,263168
tmasac_lstm,critic,mlp,critic.q2.deepset.element_encoder,131584,131584,0,526336
tmasac_lstm,critic,mlp,critic.q2.deepset.set_decoder.0,65792,65792,0,263168
tmasac_lstm,critic,normalization,critic.encoder.layers.0.norm1,512,512,0,2048
tmasac_lstm,critic,normalization,critic.encoder.layers.0.norm2,512,512,0,2048
tmasac_lstm,critic,normalization,critic.encoder.layers.1.norm1,512,512,0,2048
tmasac_lstm,critic,normalization,critic.encoder.layers.1.norm2,512,512,0,2048
tmasac_lstm,critic,normalization,critic.encoder.norm,512,512,0,2048
tmasac_slstm_swiglu,actor,attention,_actor_encoder.layers.0.self_attn,263168,263168,0,1052672
tmasac_slstm_swiglu,actor,attention,_actor_encoder.layers.1.self_attn,263168,263168,0,1052672
tmasac_slstm_swiglu,actor,linear_projection,action_dist.distributions.0.action_net,1032,1032,0,4128
tmasac_slstm_swiglu,actor,linear_projection,action_dist.distributions.0.log_std_net,1032,1032,0,4128
tmasac_slstm_swiglu,actor,linear_projection,action_dist.distributions.1.action_net,516,516,0,2064
tmasac_slstm_swiglu,actor,linear_projection,action_dist.distributions.1.log_std_net,516,516,0,2064
tmasac_slstm_swiglu,actor,mlp,_actor_encoder.layers.0.feedforward,265136,265136,0,1060544
tmasac_slstm_swiglu,actor,mlp,_actor_encoder.layers.0.inter_module_feedforward,265136,265136,0,1060544
tmasac_slstm_swiglu,actor,mlp,_actor_encoder.layers.1.feedforward,265136,265136,0,1060544
tmasac_slstm_swiglu,actor,mlp,_actor_encoder.layers.1.inter_module_feedforward,265136,265136,0,1060544
tmasac_slstm_swiglu,actor,mlp,_actor_encoder.local_obs_encoder,150016,150016,0,600064
tmasac_slstm_swiglu,actor,mlp,actor_head.head,32896,32896,0,131584
tmasac_slstm_swiglu,actor,normalization,_actor_encoder.layers.0.attention_norm,512,512,0,2048
tmasac_slstm_swiglu,actor,normalization,_actor_encoder.layers.0.feedforward_norm,512,512,0,2048
tmasac_slstm_swiglu,actor,normalization,_actor_encoder.layers.0.inter_module_feedforward_norm,512,512,0,2048
tmasac_slstm_swiglu,actor,normalization,_actor_encoder.layers.1.attention_norm,512,512,0,2048
tmasac_slstm_swiglu,actor,normalization,_actor_encoder.layers.1.feedforward_norm,512,512,0,2048
tmasac_slstm_swiglu,actor,normalization,_actor_encoder.layers.1.inter_module_feedforward_norm,512,512,0,2048
tmasac_slstm_swiglu,actor,normalization,_actor_encoder.norm,512,512,0,2048
tmasac_slstm_swiglu,actor,recurrent,_actor_encoder.layers.0.temporal_model,132352,132352,0,529408
tmasac_slstm_swiglu,actor,recurrent,_actor_encoder.layers.1.temporal_model,132352,132352,0,529408
tmasac_slstm_swiglu,critic,attention,critic.encoder.layers.0.self_attn,263168,263168,0,1052672
tmasac_slstm_swiglu,critic,attention,critic.encoder.layers.1.self_attn,263168,263168,0,1052672
tmasac_slstm_swiglu,critic,linear_projection,critic.q1.deepset.set_decoder.1,257,257,0,1028
tmasac_slstm_swiglu,critic,linear_projection,critic.q2.deepset.set_decoder.1,257,257,0,1028
tmasac_slstm_swiglu,critic,mlp,critic.actor_state_encoder,197120,197120,0,788480
tmasac_slstm_swiglu,critic,mlp,critic.encoder.global_encoder,66304,66304,0,265216
tmasac_slstm_swiglu,critic,mlp,critic.encoder.layers.0.feedforward,530272,530272,0,2121088
tmasac_slstm_swiglu,critic,mlp,critic.encoder.layers.1.feedforward,530272,530272,0,2121088
tmasac_slstm_swiglu,critic,mlp,critic.encoder.local_action_encoder,153856,153856,0,615424
tmasac_slstm_swiglu,critic,mlp,critic.q1.deepset.element_encoder,131584,131584,0,526336
tmasac_slstm_swiglu,critic,mlp,critic.q1.deepset.set_decoder.0,65792,65792,0,263168
tmasac_slstm_swiglu,critic,mlp,critic.q2.deepset.element_encoder,131584,131584,0,526336
tmasac_slstm_swiglu,critic,mlp,critic.q2.deepset.set_decoder.0,65792,65792,0,263168
tmasac_slstm_swiglu,critic,normalization,critic.encoder.layers.0.feedforward.pre_norms.1,512,512,0,2048
tmasac_slstm_swiglu,critic,normalization,critic.encoder.layers.0.norm1,512,512,0,2048
tmasac_slstm_swiglu,critic,normalization,critic.encoder.layers.0.norm2,512,512,0,2048
tmasac_slstm_swiglu,critic,normalization,critic.encoder.layers.1.feedforward.pre_norms.1,512,512,0,2048
tmasac_slstm_swiglu,critic,normalization,critic.encoder.layers.1.norm1,512,512,0,2048
tmasac_slstm_swiglu,critic,normalization,critic.encoder.layers.1.norm2,512,512,0,2048
tmasac_slstm_swiglu,critic,normalization,critic.encoder.norm,512,512,0,2048
mat_ind_no_attention,actor,linear_projection,action_dist.distributions.0.output_net,6192,6192,0,24768
mat_ind_no_attention,actor,linear_projection,action_dist.distributions.1.output_net,3096,3096,0,12384
mat_ind_no_attention,actor,mlp,actor_head,32896,32896,0,131584
mat_ind_no_attention,critic,linear_projection,critic.popart_head,257,257,0,1028
mat_ind_no_attention,critic,mlp,critic.deepset.element_encoder,132864,132864,0,531456
mat_ind_no_attention,critic,mlp,critic.deepset.set_decoder.0,65792,65792,0,263168
mat_ind_no_attention,shared_encoder,mlp,encoder.layers.0.feedforward,262912,262912,0,1051648
mat_ind_no_attention,shared_encoder,mlp,encoder.layers.1.feedforward,262912,262912,0,1051648
mat_ind_no_attention,shared_encoder,mlp,encoder.local_obs_encoder,150016,150016,0,600064
mat_ind_no_attention,shared_encoder,normalization,encoder.layers.0.norm1,512,512,0,2048
mat_ind_no_attention,shared_encoder,normalization,encoder.layers.0.norm2,512,512,0,2048
mat_ind_no_attention,shared_encoder,normalization,encoder.layers.1.norm1,512,512,0,2048
mat_ind_no_attention,shared_encoder,normalization,encoder.layers.1.norm2,512,512,0,2048
mat_ind_no_attention,shared_encoder,normalization,encoder.norm,512,512,0,2048
mat_qcx_no_nop,actor,attention,decoder.layers.0.memory_attn,98816,98816,0,395264
mat_qcx_no_nop,actor,attention,decoder.layers.0.query_context_attn,66048,66048,0,264192
mat_qcx_no_nop,actor,attention,decoder.layers.1.memory_attn,98816,98816,0,395264
mat_qcx_no_nop,actor,attention,decoder.layers.1.query_context_attn,66048,66048,0,264192
mat_qcx_no_nop,actor,linear_projection,action_dist.distributions.0.output_net,6192,6192,0,24768
mat_qcx_no_nop,actor,linear_projection,action_dist.distributions.1.output_net,3096,3096,0,12384
mat_qcx_no_nop,actor,linear_projection,decoder.input_projection,32896,32896,0,131584
mat_qcx_no_nop,actor,mlp,action_encoder,18176,18176,0,72704
mat_qcx_no_nop,actor,mlp,decoder.layers.0,65920,65920,0,263680
mat_qcx_no_nop,actor,mlp,decoder.layers.0.context_encoder,49408,49408,0,197632
mat_qcx_no_nop,actor,mlp,decoder.layers.1,65920,65920,0,263680
mat_qcx_no_nop,actor,mlp,decoder.layers.1.context_encoder,49408,49408,0,197632
mat_qcx_no_nop,actor,normalization,decoder.layers.0.context_token_norm,256,256,0,1024
mat_qcx_no_nop,actor,normalization,decoder.layers.0.norm1,256,256,0,1024
mat_qcx_no_nop,actor,normalization,decoder.layers.0.norm2,256,256,0,1024
mat_qcx_no_nop,actor,normalization,decoder.layers.0.norm3,256,256,0,1024
mat_qcx_no_nop,actor,normalization,decoder.layers.1.context_token_norm,256,256,0,1024
mat_qcx_no_nop,actor,normalization,decoder.layers.1.norm1,256,256,0,1024
mat_qcx_no_nop,actor,normalization,decoder.layers.1.norm2,256,256,0,1024
mat_qcx_no_nop,actor,normalization,decoder.layers.1.norm3,256,256,0,1024
mat_qcx_no_nop,actor,normalization,decoder.norm,256,256,0,1024
mat_qcx_no_nop,critic,linear_projection,critic.popart_head,257,257,0,1028
mat_qcx_no_nop,critic,mlp,critic.deepset.element_encoder,132864,132864,0,531456
mat_qcx_no_nop,critic,mlp,critic.deepset.set_decoder.0,65792,65792,0,263168
mat_qcx_no_nop,shared_encoder,attention,encoder.layers.0.self_attn,263168,263168,0,1052672
mat_qcx_no_nop,shared_encoder,attention,encoder.layers.1.self_attn,263168,263168,0,1052672
mat_qcx_no_nop,shared_encoder,mlp,encoder.layers.0.feedforward,262912,262912,0,1051648
mat_qcx_no_nop,shared_encoder,mlp,encoder.layers.1.feedforward,262912,262912,0,1051648
mat_qcx_no_nop,shared_encoder,mlp,encoder.local_obs_encoder,150016,150016,0,600064
mat_qcx_no_nop,shared_encoder,normalization,encoder.layers.0.norm1,512,512,0,2048
mat_qcx_no_nop,shared_encoder,normalization,encoder.layers.0.norm2,512,512,0,2048
mat_qcx_no_nop,shared_encoder,normalization,encoder.layers.1.norm1,512,512,0,2048
mat_qcx_no_nop,shared_encoder,normalization,encoder.layers.1.norm2,512,512,0,2048
mat_qcx_no_nop,shared_encoder,normalization,encoder.norm,512,512,0,2048
tmasac_no_nop,actor,attention,_actor_encoder.layers.0.self_attn,263168,263168,0,1052672
tmasac_no_nop,actor,attention,_actor_encoder.layers.1.self_attn,263168,263168,0,1052672
tmasac_no_nop,actor,linear_projection,action_dist.distributions.0.action_net,1032,1032,0,4128
tmasac_no_nop,actor,linear_projection,action_dist.distributions.0.log_std_net,1032,1032,0,4128
tmasac_no_nop,actor,linear_projection,action_dist.distributions.1.action_net,516,516,0,2064
tmasac_no_nop,actor,linear_projection,action_dist.distributions.1.log_std_net,516,516,0,2064
tmasac_no_nop,actor,mlp,_actor_encoder.layers.0.feedforward,525568,525568,0,2102272
tmasac_no_nop,actor,mlp,_actor_encoder.layers.1.feedforward,525568,525568,0,2102272
tmasac_no_nop,actor,mlp,_actor_encoder.local_obs_encoder,150016,150016,0,600064
tmasac_no_nop,actor,mlp,actor_head.head,32896,32896,0,131584
tmasac_no_nop,actor,normalization,_actor_encoder.layers.0.norm1,512,512,0,2048
tmasac_no_nop,actor,normalization,_actor_encoder.layers.0.norm2,512,512,0,2048
tmasac_no_nop,actor,normalization,_actor_encoder.layers.1.norm1,512,512,0,2048
tmasac_no_nop,actor,normalization,_actor_encoder.layers.1.norm2,512,512,0,2048
tmasac_no_nop,actor,normalization,_actor_encoder.norm,512,512,0,2048
tmasac_no_nop,critic,attention,critic.encoder.layers.0.self_attn,263168,263168,0,1052672
tmasac_no_nop,critic,attention,critic.encoder.layers.1.self_attn,263168,263168,0,1052672
tmasac_no_nop,critic,linear_projection,critic.q1.deepset.set_decoder.1,257,257,0,1028
tmasac_no_nop,critic,linear_projection,critic.q2.deepset.set_decoder.1,257,257,0,1028
tmasac_no_nop,critic,mlp,critic.encoder.global_encoder,66304,66304,0,265216
tmasac_no_nop,critic,mlp,critic.encoder.layers.0.feedforward,525568,525568,0,2102272
tmasac_no_nop,critic,mlp,critic.encoder.layers.1.feedforward,525568,525568,0,2102272
tmasac_no_nop,critic,mlp,critic.encoder.local_action_encoder,88320,88320,0,353280
tmasac_no_nop,critic,mlp,critic.q1.deepset.element_encoder,131584,131584,0,526336
tmasac_no_nop,critic,mlp,critic.q1.deepset.set_decoder.0,65792,65792,0,263168
tmasac_no_nop,critic,mlp,critic.q2.deepset.element_encoder,131584,131584,0,526336
tmasac_no_nop,critic,mlp,critic.q2.deepset.set_decoder.0,65792,65792,0,263168
tmasac_no_nop,critic,normalization,critic.encoder.layers.0.norm1,512,512,0,2048
tmasac_no_nop,critic,normalization,critic.encoder.layers.0.norm2,512,512,0,2048
tmasac_no_nop,critic,normalization,critic.encoder.layers.1.norm1,512,512,0,2048
tmasac_no_nop,critic,normalization,critic.encoder.layers.1.norm2,512,512,0,2048
tmasac_no_nop,critic,normalization,critic.encoder.norm,512,512,0,2048
tmasac_slstm_no_nop,actor,attention,_actor_encoder.layers.0.self_attn,263168,263168,0,1052672
tmasac_slstm_no_nop,actor,attention,_actor_encoder.layers.1.self_attn,263168,263168,0,1052672
tmasac_slstm_no_nop,actor,linear_projection,action_dist.distributions.0.action_net,1032,1032,0,4128
tmasac_slstm_no_nop,actor,linear_projection,action_dist.distributions.0.log_std_net,1032,1032,0,4128
tmasac_slstm_no_nop,actor,linear_projection,action_dist.distributions.1.action_net,516,516,0,2064
tmasac_slstm_no_nop,actor,linear_projection,action_dist.distributions.1.log_std_net,516,516,0,2064
tmasac_slstm_no_nop,actor,mlp,_actor_encoder.layers.0.feedforward,262912,262912,0,1051648
tmasac_slstm_no_nop,actor,mlp,_actor_encoder.layers.0.inter_module_feedforward,262912,262912,0,1051648
tmasac_slstm_no_nop,actor,mlp,_actor_encoder.layers.1.feedforward,262912,262912,0,1051648
tmasac_slstm_no_nop,actor,mlp,_actor_encoder.layers.1.inter_module_feedforward,262912,262912,0,1051648
tmasac_slstm_no_nop,actor,mlp,_actor_encoder.local_obs_encoder,150016,150016,0,600064
tmasac_slstm_no_nop,actor,mlp,actor_head.head,32896,32896,0,131584
tmasac_slstm_no_nop,actor,normalization,_actor_encoder.layers.0.attention_norm,512,512,0,2048
tmasac_slstm_no_nop,actor,normalization,_actor_encoder.layers.0.feedforward_norm,512,512,0,2048
tmasac_slstm_no_nop,actor,normalization,_actor_encoder.layers.0.inter_module_feedforward_norm,512,512,0,2048
tmasac_slstm_no_nop,actor,normalization,_actor_encoder.layers.1.attention_norm,512,512,0,2048
tmasac_slstm_no_nop,actor,normalization,_actor_encoder.layers.1.feedforward_norm,512,512,0,2048
tmasac_slstm_no_nop,actor,normalization,_actor_encoder.layers.1.inter_module_feedforward_norm,512,512,0,2048
tmasac_slstm_no_nop,actor,normalization,_actor_encoder.norm,512,512,0,2048
tmasac_slstm_no_nop,actor,recurrent,_actor_encoder.layers.0.temporal_model,132352,132352,0,529408
tmasac_slstm_no_nop,actor,recurrent,_actor_encoder.layers.1.temporal_model,132352,132352,0,529408
tmasac_slstm_no_nop,critic,attention,critic.encoder.layers.0.self_attn,263168,263168,0,1052672
tmasac_slstm_no_nop,critic,attention,critic.encoder.layers.1.self_attn,263168,263168,0,1052672
tmasac_slstm_no_nop,critic,linear_projection,critic.q1.deepset.set_decoder.1,257,257,0,1028
tmasac_slstm_no_nop,critic,linear_projection,critic.q2.deepset.set_decoder.1,257,257,0,1028
tmasac_slstm_no_nop,critic,mlp,critic.actor_state_encoder,197120,197120,0,788480
tmasac_slstm_no_nop,critic,mlp,critic.encoder.global_encoder,66304,66304,0,265216
tmasac_slstm_no_nop,critic,mlp,critic.encoder.layers.0.feedforward,525568,525568,0,2102272
tmasac_slstm_no_nop,critic,mlp,critic.encoder.layers.1.feedforward,525568,525568,0,2102272
tmasac_slstm_no_nop,critic,mlp,critic.encoder.local_action_encoder,153856,153856,0,615424
tmasac_slstm_no_nop,critic,mlp,critic.q1.deepset.element_encoder,131584,131584,0,526336
tmasac_slstm_no_nop,critic,mlp,critic.q1.deepset.set_decoder.0,65792,65792,0,263168
tmasac_slstm_no_nop,critic,mlp,critic.q2.deepset.element_encoder,131584,131584,0,526336
tmasac_slstm_no_nop,critic,mlp,critic.q2.deepset.set_decoder.0,65792,65792,0,263168
tmasac_slstm_no_nop,critic,normalization,critic.encoder.layers.0.norm1,512,512,0,2048
tmasac_slstm_no_nop,critic,normalization,critic.encoder.layers.0.norm2,512,512,0,2048
tmasac_slstm_no_nop,critic,normalization,critic.encoder.layers.1.norm1,512,512,0,2048
tmasac_slstm_no_nop,critic,normalization,critic.encoder.layers.1.norm2,512,512,0,2048
tmasac_slstm_no_nop,critic,normalization,critic.encoder.norm,512,512,0,2048
tmasac_lstm_no_actor_state,actor,attention,_actor_encoder.layers.0.self_attn,263168,263168,0,1052672
tmasac_lstm_no_actor_state,actor,attention,_actor_encoder.layers.1.self_attn,263168,263168,0,1052672
tmasac_lstm_no_actor_state,actor,linear_projection,_actor_encoder.layers.0.temporal_output_projection,65536,65536,0,262144
tmasac_lstm_no_actor_state,actor,linear_projection,_actor_encoder.layers.1.temporal_output_projection,65536,65536,0,262144
tmasac_lstm_no_actor_state,actor,linear_projection,action_dist.distributions.0.action_net,1032,1032,0,4128
tmasac_lstm_no_actor_state,actor,linear_projection,action_dist.distributions.0.log_std_net,1032,1032,0,4128
tmasac_lstm_no_actor_state,actor,linear_projection,action_dist.distributions.1.action_net,516,516,0,2064
tmasac_lstm_no_actor_state,actor,linear_projection,action_dist.distributions.1.log_std_net,516,516,0,2064
tmasac_lstm_no_actor_state,actor,mlp,_actor_encoder.layers.0.feedforward,262912,262912,0,1051648
tmasac_lstm_no_actor_state,actor,mlp,_actor_encoder.layers.1.feedforward,262912,262912,0,1051648
tmasac_lstm_no_actor_state,actor,mlp,_actor_encoder.local_obs_encoder,150016,150016,0,600064
tmasac_lstm_no_actor_state,actor,mlp,actor_head.head,32896,32896,0,131584
tmasac_lstm_no_actor_state,actor,normalization,_actor_encoder.layers.0.attention_norm,512,512,0,2048
tmasac_lstm_no_actor_state,actor,normalization,_actor_encoder.layers.0.feedforward_norm,512,512,0,2048
tmasac_lstm_no_actor_state,actor,normalization,_actor_encoder.layers.1.attention_norm,512,512,0,2048
tmasac_lstm_no_actor_state,actor,normalization,_actor_encoder.layers.1.feedforward_norm,512,512,0,2048
tmasac_lstm_no_actor_state,actor,normalization,_actor_encoder.norm,512,512,0,2048
tmasac_lstm_no_actor_state,actor,recurrent,_actor_encoder.layers.0.temporal_model,524288,524288,0,2097152
tmasac_lstm_no_actor_state,actor,recurrent,_actor_encoder.layers.1.temporal_model,524288,524288,0,2097152
tmasac_lstm_no_actor_state,critic,attention,critic.encoder.layers.0.self_attn,263168,263168,0,1052672
tmasac_lstm_no_actor_state,critic,attention,critic.encoder.layers.1.self_attn,263168,263168,0,1052672
tmasac_lstm_no_actor_state,critic,linear_projection,critic.q1.deepset.set_decoder.1,257,257,0,1028
tmasac_lstm_no_actor_state,critic,linear_projection,critic.q2.deepset.set_decoder.1,257,257,0,1028
tmasac_lstm_no_actor_state,critic,mlp,critic.encoder.global_encoder,66304,66304,0,265216
tmasac_lstm_no_actor_state,critic,mlp,critic.encoder.layers.0.feedforward,262912,262912,0,1051648
tmasac_lstm_no_actor_state,critic,mlp,critic.encoder.layers.1.feedforward,262912,262912,0,1051648
tmasac_lstm_no_actor_state,critic,mlp,critic.encoder.local_action_encoder,88320,88320,0,353280
tmasac_lstm_no_actor_state,critic,mlp,critic.q1.deepset.element_encoder,131584,131584,0,526336
tmasac_lstm_no_actor_state,critic,mlp,critic.q1.deepset.set_decoder.0,65792,65792,0,263168
tmasac_lstm_no_actor_state,critic,mlp,critic.q2.deepset.element_encoder,131584,131584,0,526336
tmasac_lstm_no_actor_state,critic,mlp,critic.q2.deepset.set_decoder.0,65792,65792,0,263168
tmasac_lstm_no_actor_state,critic,normalization,critic.encoder.layers.0.norm1,512,512,0,2048
tmasac_lstm_no_actor_state,critic,normalization,critic.encoder.layers.0.norm2,512,512,0,2048
tmasac_lstm_no_actor_state,critic,normalization,critic.encoder.layers.1.norm1,512,512,0,2048
tmasac_lstm_no_actor_state,critic,normalization,critic.encoder.layers.1.norm2,512,512,0,2048
tmasac_lstm_no_actor_state,critic,normalization,critic.encoder.norm,512,512,0,2048
tmasac_segment,actor,attention,_actor_encoder.layers.0.self_attn,263168,263168,0,1052672
tmasac_segment,actor,attention,_actor_encoder.layers.1.self_attn,263168,263168,0,1052672
tmasac_segment,actor,linear_projection,action_dist.distributions.0.action_net,1032,1032,0,4128
tmasac_segment,actor,linear_projection,action_dist.distributions.0.log_std_net,1032,1032,0,4128
tmasac_segment,actor,linear_projection,action_dist.distributions.1.action_net,516,516,0,2064
tmasac_segment,actor,linear_projection,action_dist.distributions.1.log_std_net,516,516,0,2064
tmasac_segment,actor,mlp,_actor_encoder.layers.0.feedforward,262912,262912,0,1051648
tmasac_segment,actor,mlp,_actor_encoder.layers.1.feedforward,262912,262912,0,1051648
tmasac_segment,actor,mlp,_actor_encoder.local_obs_encoder,150016,150016,0,600064
tmasac_segment,actor,mlp,actor_head.head,32896,32896,0,131584
tmasac_segment,actor,normalization,_actor_encoder.layers.0.norm1,512,512,0,2048
tmasac_segment,actor,normalization,_actor_encoder.layers.0.norm2,512,512,0,2048
tmasac_segment,actor,normalization,_actor_encoder.layers.1.norm1,512,512,0,2048
tmasac_segment,actor,normalization,_actor_encoder.layers.1.norm2,512,512,0,2048
tmasac_segment,actor,normalization,_actor_encoder.norm,512,512,0,2048
tmasac_segment,critic,attention,critic.encoder.layers.0.self_attn,263168,263168,0,1052672
tmasac_segment,critic,attention,critic.encoder.layers.1.self_attn,263168,263168,0,1052672
tmasac_segment,critic,linear_projection,critic.q1.deepset.set_decoder.1,257,257,0,1028
tmasac_segment,critic,linear_projection,critic.q2.deepset.set_decoder.1,257,257,0,1028
tmasac_segment,critic,mlp,critic.encoder.global_encoder,66304,66304,0,265216
tmasac_segment,critic,mlp,critic.encoder.layers.0.feedforward,262912,262912,0,1051648
tmasac_segment,critic,mlp,critic.encoder.layers.1.feedforward,262912,262912,0,1051648
tmasac_segment,critic,mlp,critic.encoder.local_action_encoder,88320,88320,0,353280
tmasac_segment,critic,mlp,critic.q1.deepset.element_encoder,131584,131584,0,526336
tmasac_segment,critic,mlp,critic.q1.deepset.set_decoder.0,65792,65792,0,263168
tmasac_segment,critic,mlp,critic.q2.deepset.element_encoder,131584,131584,0,526336
tmasac_segment,critic,mlp,critic.q2.deepset.set_decoder.0,65792,65792,0,263168
tmasac_segment,critic,normalization,critic.encoder.layers.0.norm1,512,512,0,2048
tmasac_segment,critic,normalization,critic.encoder.layers.0.norm2,512,512,0,2048
tmasac_segment,critic,normalization,critic.encoder.layers.1.norm1,512,512,0,2048
tmasac_segment,critic,normalization,critic.encoder.layers.1.norm2,512,512,0,2048
tmasac_segment,critic,normalization,critic.encoder.norm,512,512,0,2048
